{"type":"FeatureCollection","name":"p2b2b-local-place-boundaries","features":[{"type":"Feature","properties":{"local_place_id":"00029d4e-eb06-5551-83de-6e016d76fa06","display_name":"Lufkin","geoid":"4845072","gnis":"02410895","namelsad":"Lufkin city","lsad":"25","source":"census_tiger_place","source_vintage":"tiger_2024"},"geometry":{"type":"MultiPolygon","coordinates":[[[[-94.679863,31.360862],[-94.679869,31.359555],[-94.679212,31.35942],[-94.678976,31.359623],[-94.678507,31.359981],[-94.678345,31.360119],[-94.678328,31.360336],[-94.67872,31.360617],[-94.678871,31.360598],[-94.678983,31.360814],[-94.679384,31.360836],[-94.679863,31.360862]]],[[[-94.775037,31.305922],[-94.774927,31.305655],[-94.77448,31.304627],[-94.774262,31.304126],[-94.774202,31.303977],[-94.774007,31.30349],[-94.77368,31.30287],[-94.773571,31.302675],[-94.773458,31.302459],[-94.773355,31.302247],[-94.773268,31.302031],[-94.773122,31.3016],[-94.773008,31.301322],[-94.772911,31.30092],[-94.772664,31.300367],[-94.772604,31.300198],[-94.772239,31.2999],[-94.771987,31.299324],[-94.771906,31.299129],[-94.770579,31.295903],[-94.770579,31.295846],[-94.763323,31.279745],[-94.758956,31.270052],[-94.758471,31.268975],[-94.75871,31.268919],[-94.758788,31.268901],[-94.759202,31.268796],[-94.759296,31.268761],[-94.759502,31.268709],[-94.759697,31.268652],[-94.757878,31.264639],[-94.75743,31.263735],[-94.757104,31.26324],[-94.754487,31.25995],[-94.754355,31.259784],[-94.750333,31.254729],[-94.750213,31.254579],[-94.741427,31.255568],[-94.738159,31.256097],[-94.738408,31.258005],[-94.736891,31.258378],[-94.73538,31.258751],[-94.735512,31.259176],[-94.735754,31.259954],[-94.729044,31.261199],[-94.728761,31.260563],[-94.728665,31.260444],[-94.728281,31.260048],[-94.728079,31.259864],[-94.727971,31.259766],[-94.726995,31.259137],[-94.726393,31.258749],[-94.725818,31.258355],[-94.725655,31.258243],[-94.725388,31.258024],[-94.72532,31.258082],[-94.724469,31.258617],[-94.716597,31.263573],[-94.716322,31.263363],[-94.714548,31.262012],[-94.713247,31.263],[-94.714131,31.264534],[-94.714417,31.26503],[-94.713149,31.265645],[-94.71269,31.265868],[-94.713401,31.267207],[-94.713585,31.267554],[-94.709856,31.268667],[-94.709789,31.269031],[-94.709687,31.269518],[-94.709363,31.271263],[-94.709258,31.27217],[-94.709254,31.272411],[-94.709315,31.272809],[-94.709422,31.273192],[-94.709694,31.27382],[-94.709743,31.273939],[-94.710007,31.274583],[-94.710069,31.274985],[-94.710097,31.275275],[-94.710089,31.275604],[-94.710047,31.275878],[-94.710019,31.27609],[-94.709984,31.276361],[-94.709911,31.276757],[-94.709748,31.277634],[-94.709693,31.277928],[-94.70968,31.277994],[-94.709633,31.278255],[-94.707267,31.278139],[-94.706993,31.278126],[-94.706835,31.279225],[-94.706541,31.281289],[-94.706472,31.28128],[-94.706289,31.281247],[-94.706134,31.281219],[-94.706068,31.28121],[-94.705858,31.281181],[-94.705646,31.281137],[-94.705404,31.281126],[-94.705038,31.28107],[-94.704433,31.280984],[-94.704277,31.280958],[-94.704126,31.280941],[-94.703689,31.280881],[-94.70281,31.28078],[-94.702656,31.280753],[-94.702122,31.280659],[-94.701311,31.280546],[-94.700595,31.280451],[-94.700495,31.280429],[-94.70028,31.28045],[-94.70019,31.280597],[-94.700176,31.280666],[-94.699773,31.282206],[-94.699862,31.282402],[-94.699638,31.282326],[-94.699568,31.282275],[-94.699336,31.282223],[-94.699288,31.282203],[-94.699238,31.282198],[-94.699145,31.282174],[-94.698875,31.282155],[-94.69877,31.282139],[-94.698721,31.282126],[-94.698675,31.282109],[-94.698619,31.282108],[-94.698279,31.282052],[-94.697734,31.281969],[-94.697593,31.281941],[-94.697516,31.281944],[-94.696009,31.281693],[-94.69566,31.281666],[-94.695617,31.281665],[-94.694829,31.285513],[-94.694817,31.285658],[-94.69552,31.285688],[-94.699079,31.286413],[-94.69902,31.28718],[-94.702565,31.287728],[-94.700866,31.296248],[-94.699459,31.296086],[-94.699246,31.296058],[-94.699159,31.296045],[-94.697452,31.296372],[-94.69672,31.296559],[-94.696533,31.298323],[-94.696303,31.299235],[-94.696279,31.299233],[-94.696234,31.299234],[-94.696195,31.299229],[-94.696167,31.299392],[-94.696169,31.299439],[-94.69617,31.299468],[-94.696142,31.299623],[-94.696127,31.299684],[-94.6961,31.299846],[-94.696046,31.299976],[-94.696002,31.300035],[-94.695901,31.300242],[-94.695841,31.300389],[-94.695803,31.300459],[-94.695782,31.300539],[-94.695728,31.300696],[-94.695587,31.301025],[-94.695445,31.301328],[-94.695379,31.3015],[-94.695357,31.301574],[-94.69525,31.301824],[-94.695226,31.301942],[-94.695172,31.302029],[-94.69503,31.302364],[-94.694938,31.302596],[-94.69481,31.302876],[-94.694694,31.303101],[-94.694588,31.303385],[-94.694508,31.303581],[-94.694393,31.303809],[-94.69437,31.303841],[-94.694358,31.303913],[-94.694321,31.303993],[-94.694237,31.304202],[-94.694183,31.304395],[-94.694114,31.304579],[-94.694022,31.304774],[-94.693712,31.305518],[-94.69363,31.305748],[-94.693624,31.305758],[-94.691985,31.3053],[-94.691558,31.306264],[-94.692616,31.306572],[-94.692871,31.305967],[-94.69292,31.30587],[-94.693496,31.306046],[-94.693486,31.306083],[-94.693478,31.306128],[-94.693471,31.306175],[-94.693478,31.306334],[-94.693493,31.306424],[-94.693418,31.306489],[-94.693327,31.306612],[-94.693251,31.306731],[-94.693164,31.306921],[-94.693097,31.307099],[-94.693071,31.307156],[-94.693028,31.30727],[-94.692891,31.307565],[-94.692864,31.307652],[-94.692843,31.3077],[-94.692825,31.307761],[-94.692727,31.307717],[-94.692536,31.307584],[-94.692489,31.307556],[-94.69226,31.307805],[-94.6922,31.307869],[-94.691902,31.307756],[-94.691609,31.307645],[-94.691313,31.307537],[-94.691053,31.30743],[-94.690876,31.307875],[-94.691542,31.308068],[-94.692559,31.308376],[-94.692298,31.309],[-94.692201,31.309212],[-94.692085,31.30951],[-94.691819,31.31014],[-94.691793,31.310204],[-94.691072,31.309978],[-94.690968,31.309936],[-94.690808,31.309871],[-94.690659,31.310325],[-94.690926,31.310402],[-94.690996,31.310422],[-94.691545,31.310599],[-94.691613,31.310629],[-94.69154,31.310822],[-94.691429,31.311054],[-94.691358,31.311223],[-94.691217,31.311639],[-94.691133,31.311811],[-94.691087,31.311928],[-94.691036,31.312087],[-94.690995,31.312118],[-94.690883,31.312415],[-94.690837,31.31251],[-94.690818,31.312563],[-94.690772,31.312663],[-94.69071,31.312829],[-94.689565,31.312308],[-94.689587,31.312252],[-94.689917,31.311419],[-94.68969,31.311358],[-94.689605,31.311335],[-94.688677,31.310963],[-94.688846,31.31071],[-94.688159,31.31036],[-94.685941,31.309599],[-94.685531,31.309459],[-94.683896,31.308899],[-94.683732,31.309017],[-94.683694,31.309051],[-94.683646,31.309084],[-94.683533,31.309218],[-94.683375,31.309636],[-94.683262,31.309915],[-94.683234,31.309973],[-94.683209,31.31005],[-94.682293,31.3098],[-94.68326,31.307256],[-94.681546,31.306837],[-94.680882,31.30859],[-94.681404,31.308758],[-94.680945,31.309728],[-94.682032,31.31026],[-94.68238,31.310429],[-94.68252,31.310498],[-94.682146,31.311811],[-94.68202,31.312258],[-94.682261,31.312331],[-94.682809,31.3125],[-94.682575,31.312993],[-94.682293,31.313593],[-94.684621,31.314441],[-94.684522,31.314415],[-94.68351,31.317286],[-94.683469,31.317336],[-94.683439,31.317421],[-94.683421,31.317454],[-94.683374,31.317604],[-94.683212,31.318052],[-94.683093,31.318337],[-94.683,31.318552],[-94.687672,31.320027],[-94.687745,31.319632],[-94.692279,31.320978],[-94.693652,31.31863],[-94.693932,31.318721],[-94.694811,31.319009],[-94.694802,31.319033],[-94.694664,31.319394],[-94.694637,31.319647],[-94.694609,31.319811],[-94.694605,31.319825],[-94.695624,31.320184],[-94.694619,31.32208],[-94.694495,31.322315],[-94.693701,31.321968],[-94.693525,31.321892],[-94.692104,31.322982],[-94.691861,31.323169],[-94.691579,31.323435],[-94.692246,31.323891],[-94.691676,31.32443],[-94.691301,31.324787],[-94.690297,31.324035],[-94.690035,31.32384],[-94.689042,31.324959],[-94.690558,31.325286],[-94.690516,31.325746],[-94.690403,31.325885],[-94.689731,31.32686],[-94.68937,31.327593],[-94.689174,31.327994],[-94.688881,31.328757],[-94.688766,31.329079],[-94.688466,31.330503],[-94.688227,31.33211],[-94.688263,31.333119],[-94.688265,31.333169],[-94.684438,31.332114],[-94.682492,31.33159],[-94.681725,31.333107],[-94.681258,31.334032],[-94.681683,31.334271],[-94.685292,31.336307],[-94.685447,31.337554],[-94.686325,31.338287],[-94.687537,31.339232],[-94.688363,31.339593],[-94.68811,31.340363],[-94.688425,31.340363],[-94.688337,31.340554],[-94.68833,31.34057],[-94.688295,31.340662],[-94.688203,31.340893],[-94.688089,31.341181],[-94.687952,31.341531],[-94.687931,31.341583],[-94.688076,31.341619],[-94.688341,31.341439],[-94.688414,31.341383],[-94.688536,31.341273],[-94.688603,31.341197],[-94.68867,31.341161],[-94.688722,31.341154],[-94.688787,31.341159],[-94.688868,31.341172],[-94.689081,31.341219],[-94.689259,31.341274],[-94.689413,31.341449],[-94.689753,31.341697],[-94.689732,31.342355],[-94.68914,31.34352],[-94.690141,31.343891],[-94.69018,31.343972],[-94.690484,31.344585],[-94.69118,31.345443],[-94.691521,31.345874],[-94.692255,31.346717],[-94.692589,31.346919],[-94.69209,31.34712],[-94.691558,31.346942],[-94.686779,31.345362],[-94.686133,31.346875],[-94.68601,31.346839],[-94.680437,31.345228],[-94.679291,31.347882],[-94.678899,31.348661],[-94.676273,31.347843],[-94.674615,31.34741],[-94.674493,31.347373],[-94.674098,31.347233],[-94.673994,31.347349],[-94.673799,31.34759],[-94.673725,31.347693],[-94.673589,31.347931],[-94.67352,31.348067],[-94.673441,31.348233],[-94.674193,31.348454],[-94.675537,31.348885],[-94.675356,31.349108],[-94.675025,31.349517],[-94.674612,31.350102],[-94.674453,31.350134],[-94.673886,31.350348],[-94.673476,31.350481],[-94.673671,31.350123],[-94.673539,31.350077],[-94.673526,31.350108],[-94.672694,31.349794],[-94.67268,31.349824],[-94.672453,31.350291],[-94.672336,31.350532],[-94.672086,31.35106],[-94.671953,31.351281],[-94.671904,31.351388],[-94.671879,31.351419],[-94.671834,31.351546],[-94.671823,31.351636],[-94.671828,31.351655],[-94.671846,31.351728],[-94.671864,31.351775],[-94.671831,31.351807],[-94.671801,31.351828],[-94.671689,31.351907],[-94.671522,31.351971],[-94.671195,31.352758],[-94.671155,31.352852],[-94.671244,31.352876],[-94.671623,31.35298],[-94.672103,31.353112],[-94.673331,31.353449],[-94.673276,31.353602],[-94.673129,31.354005],[-94.674592,31.354434],[-94.676003,31.354849],[-94.677658,31.35517],[-94.681716,31.356363],[-94.682249,31.35647],[-94.683347,31.356706],[-94.683632,31.356783],[-94.684218,31.357061],[-94.687124,31.358927],[-94.689746,31.360598],[-94.6902,31.360815],[-94.690592,31.361002],[-94.690596,31.361575],[-94.690482,31.361577],[-94.690214,31.361597],[-94.690205,31.361372],[-94.687155,31.360751],[-94.687068,31.360734],[-94.686893,31.360699],[-94.686901,31.360479],[-94.686229,31.360463],[-94.686221,31.360617],[-94.683446,31.360043],[-94.683342,31.36002],[-94.683202,31.359991],[-94.682899,31.359928],[-94.682513,31.359848],[-94.679869,31.359298],[-94.679869,31.359555],[-94.680311,31.359647],[-94.680753,31.35974],[-94.681926,31.359986],[-94.682284,31.360062],[-94.682331,31.360072],[-94.682997,31.360215],[-94.683623,31.360346],[-94.683913,31.360407],[-94.6851,31.360647],[-94.686214,31.360885],[-94.686214,31.361049],[-94.68688,31.361066],[-94.686883,31.360988],[-94.687062,31.361027],[-94.687145,31.361045],[-94.689309,31.361539],[-94.689633,31.361641],[-94.689303,31.361653],[-94.689123,31.361661],[-94.688947,31.361678],[-94.688576,31.361685],[-94.688422,31.361682],[-94.688409,31.36376],[-94.688409,31.363822],[-94.687724,31.36381],[-94.687387,31.363804],[-94.68705,31.363799],[-94.68705,31.363873],[-94.687035,31.364574],[-94.687035,31.364802],[-94.687037,31.365895],[-94.687029,31.366735],[-94.687006,31.366885],[-94.686875,31.366889],[-94.684586,31.366866],[-94.684085,31.366861],[-94.683947,31.366853],[-94.679402,31.366663],[-94.679389,31.367248],[-94.679434,31.368249],[-94.679276,31.370181],[-94.677293,31.37011],[-94.676944,31.371327],[-94.676655,31.372246],[-94.676452,31.372782],[-94.676318,31.373134],[-94.676007,31.373881],[-94.67577,31.374614],[-94.675688,31.374847],[-94.675234,31.375912],[-94.675041,31.376455],[-94.674974,31.376646],[-94.674749,31.377399],[-94.674364,31.378182],[-94.674194,31.378599],[-94.674141,31.37873],[-94.673941,31.379056],[-94.67377,31.379347],[-94.673498,31.379586],[-94.673322,31.379625],[-94.673066,31.379666],[-94.672684,31.379696],[-94.672142,31.379744],[-94.672035,31.379768],[-94.671816,31.379816],[-94.671696,31.379902],[-94.671581,31.380088],[-94.671349,31.381064],[-94.671103,31.382278],[-94.67101,31.382435],[-94.670619,31.382925],[-94.670508,31.383034],[-94.669802,31.383314],[-94.66942,31.383423],[-94.668696,31.383421],[-94.667904,31.383403],[-94.666998,31.383383],[-94.666721,31.383377],[-94.666739,31.38155],[-94.666954,31.381317],[-94.667321,31.380893],[-94.667488,31.380542],[-94.667591,31.380338],[-94.667676,31.380073],[-94.667704,31.379974],[-94.667907,31.379312],[-94.668005,31.378775],[-94.66812,31.378249],[-94.668104,31.377649],[-94.668094,31.3773],[-94.667983,31.373304],[-94.666913,31.372632],[-94.667137,31.3692],[-94.667152,31.36874],[-94.667167,31.368644],[-94.667186,31.368557],[-94.667257,31.368393],[-94.66735,31.368217],[-94.667506,31.367974],[-94.667625,31.367773],[-94.667678,31.367701],[-94.667744,31.367627],[-94.667824,31.367555],[-94.667912,31.367486],[-94.668117,31.367349],[-94.668232,31.367279],[-94.668356,31.367218],[-94.668479,31.36719],[-94.669637,31.36701],[-94.67062,31.366841],[-94.670788,31.366815],[-94.671351,31.366707],[-94.672211,31.366578],[-94.672521,31.366535],[-94.672776,31.366489],[-94.673113,31.36641],[-94.673201,31.366377],[-94.67327,31.366337],[-94.673308,31.366281],[-94.673314,31.366249],[-94.67318,31.366249],[-94.673158,31.366248],[-94.673147,31.366248],[-94.671264,31.366243],[-94.671131,31.366243],[-94.671052,31.36628],[-94.671008,31.366291],[-94.670995,31.366263],[-94.670968,31.366242],[-94.670298,31.36624],[-94.666526,31.36623],[-94.666192,31.366229],[-94.664574,31.366224],[-94.661636,31.366215],[-94.661635,31.366344],[-94.661632,31.366883],[-94.66163,31.36735],[-94.661626,31.368082],[-94.661616,31.369729],[-94.660965,31.369725],[-94.660171,31.36972],[-94.658083,31.36971],[-94.658179,31.369764],[-94.658428,31.369904],[-94.658395,31.370087],[-94.65858,31.370223],[-94.658827,31.370401],[-94.65884,31.370527],[-94.65865,31.370701],[-94.658626,31.370763],[-94.658608,31.370812],[-94.65898,31.37154],[-94.659089,31.3717],[-94.659098,31.371776],[-94.659108,31.371839],[-94.659128,31.371959],[-94.659211,31.37206],[-94.659361,31.372097],[-94.659413,31.372053],[-94.659555,31.37195],[-94.659705,31.371841],[-94.659834,31.371753],[-94.6599,31.371727],[-94.659957,31.371751],[-94.659977,31.371761],[-94.660082,31.371818],[-94.660166,31.371902],[-94.660344,31.372021],[-94.660398,31.372069],[-94.660514,31.372174],[-94.660657,31.372315],[-94.660807,31.37242],[-94.660911,31.372425],[-94.660968,31.372561],[-94.660968,31.372771],[-94.661018,31.372959],[-94.661151,31.373283],[-94.661204,31.373281],[-94.661627,31.373275],[-94.662081,31.373269],[-94.663785,31.373231],[-94.664042,31.373225],[-94.664295,31.37322],[-94.664554,31.373214],[-94.664812,31.373208],[-94.665329,31.373197],[-94.665383,31.373195],[-94.665581,31.373191],[-94.665833,31.373186],[-94.666094,31.37318],[-94.666348,31.373174],[-94.666598,31.373169],[-94.66686,31.373163],[-94.666881,31.373164],[-94.666904,31.373353],[-94.666914,31.373497],[-94.666936,31.373549],[-94.666963,31.375196],[-94.666995,31.37594],[-94.667025,31.37688],[-94.667041,31.377242],[-94.66703,31.377364],[-94.667047,31.377565],[-94.667078,31.377934],[-94.667067,31.378027],[-94.667074,31.378154],[-94.667075,31.378178],[-94.667062,31.378222],[-94.667001,31.379006],[-94.666917,31.379707],[-94.666885,31.379872],[-94.666805,31.380156],[-94.666764,31.380261],[-94.66673,31.380316],[-94.666625,31.380531],[-94.666578,31.380622],[-94.666558,31.380676],[-94.666441,31.38117],[-94.666429,31.381972],[-94.666344,31.382827],[-94.666375,31.38396],[-94.666364,31.384727],[-94.665985,31.384737],[-94.664615,31.384765],[-94.664615,31.385015],[-94.664616,31.38532],[-94.664619,31.386482],[-94.663148,31.386492],[-94.66156,31.386503],[-94.661594,31.387882],[-94.663084,31.387884],[-94.664406,31.387886],[-94.664787,31.387887],[-94.665633,31.387888],[-94.666471,31.38788],[-94.66652,31.387897],[-94.666579,31.387909],[-94.666738,31.387921],[-94.666817,31.387921],[-94.666963,31.387922],[-94.667096,31.38791],[-94.667701,31.387907],[-94.667851,31.387913],[-94.668354,31.387922],[-94.668769,31.387914],[-94.670407,31.387954],[-94.67042,31.387668],[-94.670425,31.387423],[-94.670448,31.386262],[-94.670464,31.38552],[-94.671622,31.385517],[-94.671696,31.385513],[-94.671966,31.385061],[-94.67196,31.383714],[-94.671959,31.383448],[-94.671958,31.383289],[-94.671956,31.383028],[-94.671953,31.382357],[-94.671948,31.381595],[-94.671943,31.380609],[-94.671939,31.379852],[-94.672908,31.379836],[-94.6733,31.379829],[-94.674368,31.379836],[-94.675329,31.379843],[-94.675518,31.379856],[-94.675599,31.379792],[-94.675566,31.378895],[-94.67555,31.376051],[-94.675656,31.376052],[-94.676381,31.376054],[-94.67646,31.376054],[-94.677151,31.376056],[-94.678519,31.37606],[-94.678577,31.37606],[-94.679779,31.374106],[-94.679885,31.373935],[-94.679885,31.373154],[-94.679884,31.372231],[-94.679884,31.369568],[-94.67989,31.368698],[-94.682773,31.368676],[-94.683992,31.368667],[-94.686458,31.368648],[-94.68658,31.368659],[-94.6862,31.370073],[-94.686081,31.370418],[-94.685892,31.370766],[-94.685477,31.371474],[-94.684828,31.372585],[-94.684616,31.372888],[-94.684367,31.373137],[-94.68407,31.373394],[-94.68381,31.37359],[-94.683533,31.373741],[-94.682823,31.374052],[-94.68253,31.374172],[-94.682749,31.374335],[-94.68269,31.375684],[-94.682671,31.376904],[-94.684604,31.376929],[-94.686008,31.376922],[-94.687107,31.376917],[-94.687153,31.376873],[-94.687223,31.376779],[-94.68723,31.376756],[-94.687249,31.376697],[-94.6873,31.376615],[-94.687351,31.37662],[-94.687472,31.376598],[-94.687773,31.376657],[-94.687806,31.37657],[-94.688817,31.376402],[-94.688789,31.376143],[-94.688716,31.375782],[-94.689423,31.375774],[-94.689884,31.375727],[-94.689772,31.375532],[-94.689741,31.375368],[-94.690311,31.37521],[-94.690464,31.375251],[-94.690648,31.375335],[-94.69142,31.374679],[-94.691472,31.374001],[-94.691304,31.373961],[-94.691134,31.373918],[-94.691001,31.373692],[-94.692083,31.373122],[-94.692039,31.372744],[-94.692452,31.372142],[-94.692322,31.371925],[-94.692572,31.371599],[-94.69264,31.37173],[-94.692774,31.371728],[-94.692948,31.371791],[-94.693241,31.372067],[-94.693454,31.372279],[-94.69354,31.372365],[-94.693885,31.372063],[-94.694132,31.372005],[-94.694282,31.37208],[-94.694357,31.372029],[-94.694932,31.371839],[-94.695069,31.371257],[-94.694434,31.371019],[-94.694475,31.370975],[-94.694565,31.370909],[-94.694673,31.370876],[-94.695192,31.37003],[-94.695429,31.369606],[-94.695551,31.369293],[-94.695692,31.369232],[-94.695897,31.369342],[-94.696102,31.369645],[-94.696363,31.36962],[-94.696752,31.369486],[-94.696932,31.36946],[-94.696952,31.371025],[-94.696954,31.371176],[-94.698768,31.371177],[-94.703896,31.371148],[-94.703874,31.370598],[-94.703849,31.370134],[-94.703924,31.369539],[-94.703962,31.36924],[-94.704148,31.368187],[-94.7054,31.368425],[-94.705664,31.368475],[-94.705661,31.368042],[-94.70566,31.367907],[-94.706886,31.368486],[-94.707261,31.368733],[-94.70767,31.369151],[-94.708909,31.370315],[-94.708943,31.370347],[-94.708968,31.37037],[-94.709045,31.370442],[-94.709382,31.370727],[-94.709439,31.370776],[-94.709494,31.370822],[-94.709675,31.370975],[-94.709795,31.371078],[-94.70998,31.371236],[-94.710002,31.371255],[-94.710064,31.371308],[-94.710176,31.371404],[-94.710126,31.371451],[-94.71012,31.371465],[-94.710192,31.371468],[-94.710262,31.37151],[-94.7116,31.372307],[-94.712025,31.372513],[-94.712135,31.372566],[-94.712756,31.372868],[-94.712288,31.373836],[-94.712399,31.374288],[-94.712513,31.374622],[-94.71506,31.376393],[-94.714815,31.377291],[-94.716613,31.37785],[-94.716341,31.379444],[-94.721363,31.379573],[-94.722958,31.379669],[-94.723303,31.379695],[-94.723648,31.379694],[-94.725279,31.37969],[-94.725322,31.37969],[-94.730002,31.379684],[-94.731031,31.379682],[-94.731321,31.375184],[-94.731454,31.372451],[-94.731468,31.372171],[-94.733805,31.372537],[-94.738019,31.373219],[-94.738035,31.373697],[-94.738041,31.373849],[-94.737951,31.373846],[-94.737684,31.373839],[-94.737686,31.374083],[-94.737694,31.374922],[-94.739753,31.374942],[-94.740526,31.37495],[-94.741811,31.374891],[-94.741883,31.373432],[-94.741715,31.373458],[-94.741718,31.373318],[-94.741723,31.373106],[-94.74181,31.373094],[-94.742106,31.373054],[-94.742237,31.373014],[-94.743175,31.372731],[-94.743305,31.372765],[-94.743705,31.372578],[-94.744072,31.372398],[-94.744358,31.372228],[-94.744379,31.372445],[-94.74442,31.372859],[-94.745097,31.372729],[-94.747359,31.372298],[-94.747301,31.371872],[-94.746596,31.372011],[-94.746079,31.371211],[-94.747234,31.370417],[-94.747931,31.37],[-94.74802,31.369993],[-94.74845,31.369961],[-94.748585,31.36995],[-94.748756,31.369946],[-94.748804,31.369941],[-94.749033,31.369946],[-94.749095,31.369959],[-94.749132,31.369947],[-94.749508,31.369955],[-94.749708,31.369949],[-94.749927,31.369959],[-94.750747,31.36997],[-94.751074,31.369974],[-94.75131,31.369969],[-94.75221,31.369964],[-94.752218,31.36969],[-94.752234,31.369178],[-94.752296,31.369183],[-94.752795,31.36927],[-94.752915,31.369312],[-94.753011,31.369345],[-94.753849,31.369635],[-94.753981,31.369687],[-94.754421,31.369877],[-94.754805,31.370107],[-94.755121,31.370403],[-94.755332,31.370575],[-94.755422,31.370647],[-94.755463,31.370679],[-94.755535,31.370738],[-94.755499,31.370607],[-94.755461,31.370469],[-94.755442,31.3704],[-94.75543,31.370357],[-94.755357,31.370089],[-94.755617,31.370074],[-94.756234,31.370039],[-94.756692,31.370014],[-94.756973,31.370036],[-94.758164,31.370128],[-94.758168,31.370238],[-94.761045,31.369753],[-94.760943,31.369669],[-94.758557,31.367719],[-94.758219,31.367486],[-94.757669,31.367109],[-94.757775,31.366975],[-94.757816,31.366926],[-94.757967,31.366725],[-94.758111,31.366533],[-94.758253,31.366343],[-94.759536,31.364795],[-94.760235,31.363983],[-94.760472,31.363768],[-94.76078,31.36359],[-94.761123,31.363414],[-94.761271,31.363273],[-94.761622,31.363036],[-94.762008,31.362828],[-94.762419,31.362589],[-94.762665,31.362517],[-94.762792,31.362485],[-94.763062,31.362442],[-94.763346,31.362393],[-94.763698,31.362391],[-94.76387,31.362391],[-94.764013,31.362344],[-94.76411,31.361535],[-94.764125,31.361457],[-94.764753,31.359991],[-94.764865,31.359201],[-94.764914,31.358167],[-94.765056,31.358203],[-94.765593,31.358322],[-94.767568,31.358761],[-94.768351,31.35893],[-94.768592,31.35898],[-94.76853,31.35881],[-94.768485,31.358682],[-94.768309,31.35803],[-94.76752,31.355113],[-94.765974,31.354323],[-94.765583,31.354123],[-94.765706,31.353452],[-94.765745,31.353184],[-94.766371,31.353148],[-94.768076,31.35305],[-94.770161,31.352858],[-94.772084,31.35268],[-94.7725,31.352657],[-94.774688,31.352539],[-94.774489,31.350378],[-94.774152,31.350419],[-94.773244,31.350546],[-94.77319,31.350551],[-94.772692,31.350595],[-94.772031,31.350619],[-94.771869,31.350624],[-94.771706,31.35063],[-94.771379,31.350642],[-94.771259,31.350646],[-94.76979,31.350721],[-94.768326,31.350786],[-94.767977,31.350803],[-94.766905,31.350857],[-94.766356,31.350861],[-94.765722,31.350805],[-94.765552,31.350781],[-94.765064,31.347735],[-94.764586,31.345136],[-94.764315,31.343337],[-94.764266,31.343029],[-94.763829,31.3415],[-94.762954,31.338825],[-94.762741,31.338156],[-94.76236,31.336898],[-94.76226,31.336568],[-94.762152,31.3363],[-94.762035,31.336009],[-94.762683,31.3357],[-94.763009,31.335583],[-94.764813,31.335022],[-94.765851,31.334684],[-94.766536,31.334462],[-94.766567,31.334452],[-94.766917,31.334344],[-94.767195,31.334305],[-94.767091,31.332524],[-94.766954,31.332061],[-94.766786,31.329092],[-94.766587,31.329172],[-94.765929,31.329336],[-94.765623,31.329398],[-94.764898,31.329565],[-94.764816,31.328909],[-94.764807,31.328425],[-94.766721,31.327006],[-94.767768,31.326202],[-94.770201,31.324343],[-94.771263,31.323586],[-94.774205,31.321363],[-94.773244,31.318229],[-94.77289,31.317387],[-94.772538,31.317529],[-94.771548,31.317929],[-94.771341,31.318013],[-94.771098,31.318111],[-94.770582,31.31832],[-94.770192,31.318477],[-94.770084,31.318191],[-94.769776,31.317377],[-94.768967,31.315232],[-94.766586,31.308922],[-94.766498,31.308691],[-94.768477,31.308047],[-94.769192,31.30779],[-94.76954,31.3077],[-94.769625,31.307932],[-94.770695,31.307635],[-94.77074,31.307615],[-94.770836,31.307572],[-94.7739,31.306375],[-94.775037,31.305922]]]]}},{"type":"Feature","properties":{"local_place_id":"805d173e-ecae-5c3e-ab92-e4e6dde01d98","display_name":"Diboll","geoid":"4820308","gnis":"02410335","namelsad":"Diboll city","lsad":"25","source":"census_tiger_place","source_vintage":"tiger_2024"},"geometry":{"type":"MultiPolygon","coordinates":[[[[-94.768445,31.197283],[-94.766515,31.196952],[-94.766793,31.197589],[-94.767448,31.199745],[-94.766869,31.200215],[-94.766755,31.201599],[-94.767394,31.201296],[-94.768445,31.197283]],[[-94.805742,31.172904],[-94.805549,31.175829],[-94.805481,31.176859],[-94.805429,31.177657],[-94.803187,31.177154],[-94.802024,31.177082],[-94.802237,31.176358],[-94.802775,31.174534],[-94.802956,31.173913],[-94.802669,31.173855],[-94.800787,31.173478],[-94.800698,31.17346],[-94.800247,31.175124],[-94.800345,31.175133],[-94.801104,31.175211],[-94.800742,31.176574],[-94.800976,31.176486],[-94.801485,31.17771],[-94.801826,31.17853],[-94.802263,31.179729],[-94.802422,31.180194],[-94.802254,31.180245],[-94.800558,31.180816],[-94.800526,31.18074],[-94.800295,31.180184],[-94.800115,31.179752],[-94.799123,31.180082],[-94.798662,31.181744],[-94.798585,31.18202],[-94.798268,31.183143],[-94.797372,31.186359],[-94.797282,31.18657],[-94.797006,31.18757],[-94.796047,31.191269],[-94.795498,31.193246],[-94.795292,31.194142],[-94.794883,31.195751],[-94.793439,31.200575],[-94.793106,31.201687],[-94.792774,31.202799],[-94.7925,31.204087],[-94.791845,31.207258],[-94.791496,31.208764],[-94.788652,31.20823],[-94.784838,31.2075],[-94.785693,31.209659],[-94.784293,31.210118],[-94.78466,31.210972],[-94.783191,31.211507],[-94.782119,31.209015],[-94.782009,31.208678],[-94.78191,31.208342],[-94.781825,31.207813],[-94.78041,31.208066],[-94.780258,31.20772],[-94.780177,31.207643],[-94.780154,31.207612],[-94.779582,31.206374],[-94.778487,31.206213],[-94.778333,31.206838],[-94.777626,31.209717],[-94.777273,31.211088],[-94.779237,31.211074],[-94.778787,31.212868],[-94.778343,31.214992],[-94.778335,31.215031],[-94.778306,31.215126],[-94.778253,31.215297],[-94.778086,31.21583],[-94.777784,31.216797],[-94.777707,31.217047],[-94.77768,31.217151],[-94.777632,31.217327],[-94.777513,31.217775],[-94.775908,31.217476],[-94.776071,31.216681],[-94.775852,31.216615],[-94.775615,31.216545],[-94.775443,31.216505],[-94.774901,31.21879],[-94.773583,31.218644],[-94.773557,31.218754],[-94.773478,31.218733],[-94.773374,31.218712],[-94.773357,31.21877],[-94.772838,31.218658],[-94.772627,31.218193],[-94.773449,31.218372],[-94.773518,31.218108],[-94.772648,31.217876],[-94.773145,31.21758],[-94.77363,31.217675],[-94.773732,31.217281],[-94.77374,31.21721],[-94.774066,31.215882],[-94.774397,31.214624],[-94.774398,31.21453],[-94.774783,31.213004],[-94.774795,31.212924],[-94.775027,31.212095],[-94.775094,31.211855],[-94.775102,31.211766],[-94.775698,31.209286],[-94.775702,31.209271],[-94.776153,31.206861],[-94.776163,31.206794],[-94.77623,31.206431],[-94.776047,31.206406],[-94.775224,31.206296],[-94.77531,31.205756],[-94.773771,31.205475],[-94.768708,31.204222],[-94.767336,31.203882],[-94.765561,31.205323],[-94.764969,31.205082],[-94.764428,31.204883],[-94.766141,31.202956],[-94.765912,31.201756],[-94.766483,31.19953],[-94.765899,31.197862],[-94.765702,31.197922],[-94.765422,31.197995],[-94.765466,31.19826],[-94.765286,31.198332],[-94.764906,31.198454],[-94.764307,31.196954],[-94.764196,31.196735],[-94.764073,31.19643],[-94.763328,31.196338],[-94.763248,31.196222],[-94.763133,31.19609],[-94.762947,31.196002],[-94.762883,31.195898],[-94.761563,31.196319],[-94.762268,31.198185],[-94.762941,31.200178],[-94.759414,31.201252],[-94.757932,31.197396],[-94.757905,31.197305],[-94.761345,31.19623],[-94.761517,31.196178],[-94.762912,31.195761],[-94.762948,31.195711],[-94.762986,31.19553],[-94.763292,31.19305],[-94.763316,31.192804],[-94.766212,31.191889],[-94.766227,31.191819],[-94.766253,31.191704],[-94.766352,31.191573],[-94.76645,31.191393],[-94.766797,31.191085],[-94.76481,31.186225],[-94.765971,31.185893],[-94.767837,31.185388],[-94.767662,31.185015],[-94.768381,31.184812],[-94.768894,31.184668],[-94.768216,31.18214],[-94.771116,31.180709],[-94.771215,31.180725],[-94.77128,31.180578],[-94.771149,31.180414],[-94.771215,31.180135],[-94.7717,31.179971],[-94.772343,31.179992],[-94.772458,31.179991],[-94.772437,31.180535],[-94.772432,31.18069],[-94.773571,31.18033],[-94.773588,31.179916],[-94.773605,31.179809],[-94.773195,31.179796],[-94.771948,31.179759],[-94.771127,31.179736],[-94.771061,31.179721],[-94.770668,31.17964],[-94.77069,31.179513],[-94.770745,31.179208],[-94.770295,31.179214],[-94.770263,31.178406],[-94.770761,31.178443],[-94.770966,31.178459],[-94.770925,31.178825],[-94.770908,31.178989],[-94.770997,31.178995],[-94.771475,31.179028],[-94.77321,31.179148],[-94.773317,31.178629],[-94.773355,31.178514],[-94.774664,31.174629],[-94.776877,31.166269],[-94.77701,31.166293],[-94.780537,31.16689],[-94.784063,31.167488],[-94.7854,31.167714],[-94.785521,31.167845],[-94.785606,31.167883],[-94.785997,31.168019],[-94.786091,31.167874],[-94.78626,31.167704],[-94.786379,31.167568],[-94.786524,31.167543],[-94.786506,31.167337],[-94.786376,31.166794],[-94.786321,31.166689],[-94.788769,31.165852],[-94.788455,31.164608],[-94.789138,31.163424],[-94.792984,31.163759],[-94.793283,31.163785],[-94.79444,31.161982],[-94.79461,31.161717],[-94.797537,31.157153],[-94.797549,31.157143],[-94.800026,31.15328],[-94.801574,31.150867],[-94.802237,31.151254],[-94.80201,31.151676],[-94.796645,31.162649],[-94.796033,31.163902],[-94.795217,31.165522],[-94.794167,31.167674],[-94.794128,31.167751],[-94.793345,31.169299],[-94.794128,31.169435],[-94.794576,31.169512],[-94.795023,31.16959],[-94.796457,31.169921],[-94.797186,31.170089],[-94.797466,31.169957],[-94.79827,31.16978],[-94.798639,31.16968],[-94.799147,31.170931],[-94.79927,31.170971],[-94.799764,31.171154],[-94.800469,31.171023],[-94.800547,31.17101],[-94.800636,31.170994],[-94.800812,31.17094],[-94.801515,31.170745],[-94.802634,31.170434],[-94.802716,31.170409],[-94.80283,31.170373],[-94.804557,31.169836],[-94.804583,31.169829],[-94.804777,31.170347],[-94.805551,31.172406],[-94.805742,31.172904]]]]}},{"type":"Feature","properties":{"local_place_id":"384780b5-d56e-5cc0-a88b-5a5067bf1fe4","display_name":"Huntington","geoid":"4835492","gnis":"02410809","namelsad":"Huntington city","lsad":"25","source":"census_tiger_place","source_vintage":"tiger_2024"},"geometry":{"type":"MultiPolygon","coordinates":[[[[-94.597119,31.272813],[-94.597116,31.272663],[-94.596224,31.272568],[-94.596197,31.270507],[-94.596196,31.270356],[-94.596167,31.269666],[-94.596159,31.269484],[-94.595643,31.269482],[-94.592413,31.269472],[-94.592422,31.269644],[-94.592425,31.270052],[-94.592428,31.270292],[-94.592427,31.270725],[-94.58907,31.270752],[-94.589079,31.270986],[-94.58909,31.271272],[-94.588572,31.271268],[-94.58664,31.271256],[-94.586615,31.270708],[-94.58149,31.270814],[-94.581508,31.271158],[-94.581514,31.27196],[-94.581511,31.272124],[-94.578683,31.271006],[-94.577438,31.270488],[-94.577331,31.270444],[-94.576052,31.269905],[-94.575519,31.269716],[-94.574999,31.269506],[-94.574119,31.269153],[-94.574994,31.266789],[-94.574084,31.266475],[-94.572651,31.265942],[-94.570073,31.264966],[-94.568777,31.264489],[-94.569858,31.267322],[-94.569505,31.267314],[-94.568888,31.2673],[-94.568402,31.267303],[-94.568049,31.267304],[-94.567856,31.267306],[-94.566307,31.267315],[-94.566032,31.269443],[-94.56593,31.270202],[-94.56584,31.271136],[-94.565563,31.273171],[-94.565512,31.273262],[-94.565354,31.273548],[-94.564992,31.274198],[-94.564698,31.274726],[-94.564257,31.275521],[-94.563211,31.277346],[-94.562947,31.277807],[-94.562163,31.279175],[-94.561728,31.279958],[-94.561401,31.280478],[-94.561286,31.280739],[-94.560863,31.281517],[-94.56044,31.282296],[-94.560302,31.282462],[-94.559818,31.283247],[-94.559689,31.283457],[-94.559242,31.284263],[-94.558761,31.285128],[-94.55824,31.286067],[-94.557957,31.286594],[-94.562467,31.288464],[-94.563929,31.28907],[-94.569177,31.29132],[-94.574544,31.29356],[-94.581005,31.296256],[-94.583777,31.291481],[-94.585857,31.287708],[-94.586839,31.285936],[-94.587149,31.285349],[-94.587164,31.28532],[-94.587183,31.285293],[-94.587447,31.284943],[-94.587665,31.284729],[-94.588502,31.282968],[-94.593144,31.283492],[-94.594073,31.283607],[-94.595412,31.283745],[-94.595439,31.283673],[-94.595475,31.283614],[-94.595582,31.283547],[-94.595713,31.283482],[-94.59588,31.283442],[-94.596172,31.283391],[-94.59652,31.283331],[-94.59662,31.283321],[-94.596941,31.28326],[-94.597106,31.283235],[-94.596887,31.282502],[-94.595838,31.281972],[-94.595069,31.281584],[-94.595026,31.281326],[-94.594934,31.280775],[-94.596097,31.280655],[-94.595202,31.278682],[-94.594249,31.276581],[-94.594145,31.273644],[-94.594151,31.273629],[-94.594343,31.273338],[-94.594443,31.27313],[-94.59673,31.273091],[-94.597086,31.273086],[-94.597119,31.272813]]]]}},{"type":"Feature","properties":{"local_place_id":"c1c8ba40-9a9f-5f52-8822-3a1139cca38c","display_name":"Hudson","geoid":"4835228","gnis":"02410800","namelsad":"Hudson city","lsad":"25","source":"census_tiger_place","source_vintage":"tiger_2024"},"geometry":{"type":"MultiPolygon","coordinates":[[[[-94.84514,31.313751],[-94.845037,31.313278],[-94.84495,31.312874],[-94.844678,31.311228],[-94.844624,31.310994],[-94.838827,31.312826],[-94.837462,31.313215],[-94.837253,31.311619],[-94.836708,31.311966],[-94.836565,31.311557],[-94.836391,31.311078],[-94.837168,31.310825],[-94.83711,31.310594],[-94.836604,31.305792],[-94.832102,31.307176],[-94.833352,31.310556],[-94.83371,31.311703],[-94.833244,31.311914],[-94.832333,31.312228],[-94.831502,31.312716],[-94.831407,31.31265],[-94.831291,31.312597],[-94.831019,31.312521],[-94.830893,31.312496],[-94.83075,31.312499],[-94.830635,31.312508],[-94.830499,31.312544],[-94.830351,31.312596],[-94.829924,31.312733],[-94.829814,31.31276],[-94.829633,31.312751],[-94.829545,31.312678],[-94.829464,31.312554],[-94.829397,31.312428],[-94.829331,31.312274],[-94.829139,31.311863],[-94.828964,31.311487],[-94.828952,31.311452],[-94.828936,31.311404],[-94.828833,31.311099],[-94.82876,31.31091],[-94.828745,31.310886],[-94.828699,31.31081],[-94.828647,31.310725],[-94.82858,31.310567],[-94.828502,31.310412],[-94.828257,31.309899],[-94.828118,31.309568],[-94.827805,31.308897],[-94.827796,31.308872],[-94.82774,31.308724],[-94.827655,31.308558],[-94.827075,31.308671],[-94.825111,31.309218],[-94.825036,31.309239],[-94.822661,31.31011],[-94.821627,31.310449],[-94.82046,31.310765],[-94.823038,31.316638],[-94.823519,31.316636],[-94.823633,31.316639],[-94.823737,31.316637],[-94.824034,31.316647],[-94.824127,31.316641],[-94.824297,31.316651],[-94.823956,31.318215],[-94.82257,31.31911],[-94.820286,31.320584],[-94.819343,31.321004],[-94.818531,31.321256],[-94.819066,31.322402],[-94.818704,31.32249],[-94.818661,31.322501],[-94.816357,31.323055],[-94.81571,31.323194],[-94.812919,31.323792],[-94.811268,31.324084],[-94.811202,31.324096],[-94.811013,31.324126],[-94.809745,31.324282],[-94.807616,31.324306],[-94.805113,31.324335],[-94.804801,31.324345],[-94.8028,31.324331],[-94.802394,31.324328],[-94.801576,31.324322],[-94.801283,31.324321],[-94.801152,31.32432],[-94.80087,31.324331],[-94.800896,31.31897],[-94.800898,31.318502],[-94.800901,31.318034],[-94.800897,31.317651],[-94.800895,31.317449],[-94.801649,31.317172],[-94.804476,31.316138],[-94.807654,31.315133],[-94.80634,31.312217],[-94.806529,31.312133],[-94.806912,31.312195],[-94.813662,31.310023],[-94.813941,31.310129],[-94.814231,31.311003],[-94.815804,31.310518],[-94.815969,31.310215],[-94.816226,31.309748],[-94.816254,31.309416],[-94.816307,31.308946],[-94.816329,31.308757],[-94.813556,31.309765],[-94.807012,31.311859],[-94.806635,31.311786],[-94.806214,31.311921],[-94.805384,31.310151],[-94.804395,31.310442],[-94.801614,31.311237],[-94.801023,31.311204],[-94.799057,31.311161],[-94.797794,31.311132],[-94.796966,31.311114],[-94.796781,31.31177],[-94.7967,31.312006],[-94.796186,31.313468],[-94.795981,31.314053],[-94.795901,31.31428],[-94.795854,31.314415],[-94.795429,31.315727],[-94.795418,31.315759],[-94.795214,31.316356],[-94.794823,31.317502],[-94.794761,31.317687],[-94.794003,31.317904],[-94.791129,31.318731],[-94.786415,31.320149],[-94.785422,31.317694],[-94.785069,31.316983],[-94.788139,31.315969],[-94.786447,31.31216],[-94.783501,31.313471],[-94.783289,31.313459],[-94.783436,31.313204],[-94.789512,31.307634],[-94.788732,31.305732],[-94.788885,31.30561],[-94.789175,31.305433],[-94.789618,31.305251],[-94.790139,31.305068],[-94.789453,31.303555],[-94.787905,31.30393],[-94.783749,31.30819],[-94.783459,31.308488],[-94.782304,31.309673],[-94.782249,31.309731],[-94.781547,31.310475],[-94.7811,31.310953],[-94.776688,31.315676],[-94.7758,31.316011],[-94.773189,31.316433],[-94.772558,31.316535],[-94.77289,31.317387],[-94.773244,31.318229],[-94.774205,31.321363],[-94.771263,31.323586],[-94.770201,31.324343],[-94.767768,31.326202],[-94.766721,31.327006],[-94.764807,31.328425],[-94.764816,31.328909],[-94.764898,31.329565],[-94.765623,31.329398],[-94.765929,31.329336],[-94.766587,31.329172],[-94.766786,31.329092],[-94.767179,31.328938],[-94.767335,31.33202],[-94.767462,31.334274],[-94.767688,31.339206],[-94.769895,31.338939],[-94.777193,31.338222],[-94.77791,31.338151],[-94.778005,31.338145],[-94.778407,31.338121],[-94.779018,31.338084],[-94.77963,31.338048],[-94.780757,31.337977],[-94.784327,31.336669],[-94.792119,31.333856],[-94.792623,31.333662],[-94.793927,31.333148],[-94.794296,31.333102],[-94.794367,31.333092],[-94.795464,31.333118],[-94.795458,31.333622],[-94.797187,31.333648],[-94.797177,31.332999],[-94.796945,31.332999],[-94.796921,31.33302],[-94.796873,31.333039],[-94.796801,31.333054],[-94.796874,31.332771],[-94.796894,31.332593],[-94.796871,31.33238],[-94.796217,31.33238],[-94.796965,31.332242],[-94.797539,31.332012],[-94.797607,31.331986],[-94.800733,31.331756],[-94.800761,31.330958],[-94.800837,31.328794],[-94.800869,31.324619],[-94.801285,31.324582],[-94.802806,31.324595],[-94.80467,31.324611],[-94.804833,31.324606],[-94.805132,31.324597],[-94.807536,31.324565],[-94.807632,31.324564],[-94.809879,31.324543],[-94.811083,31.324413],[-94.811184,31.324395],[-94.811283,31.324378],[-94.812928,31.324027],[-94.81583,31.323441],[-94.816131,31.32338],[-94.816432,31.32332],[-94.816424,31.323723],[-94.816264,31.331885],[-94.81624,31.333309],[-94.816353,31.334057],[-94.816485,31.334415],[-94.816552,31.334597],[-94.816618,31.334779],[-94.816625,31.334799],[-94.816897,31.335302],[-94.817123,31.33554],[-94.817432,31.335868],[-94.817491,31.336781],[-94.817546,31.337821],[-94.818789,31.337821],[-94.820011,31.342729],[-94.820121,31.34317],[-94.820155,31.343309],[-94.820174,31.343388],[-94.820194,31.343466],[-94.820326,31.343996],[-94.820575,31.345014],[-94.820825,31.346031],[-94.820843,31.346101],[-94.820851,31.346135],[-94.820978,31.350187],[-94.821035,31.351372],[-94.821042,31.351511],[-94.821043,31.351536],[-94.821038,31.352108],[-94.819974,31.351122],[-94.819325,31.350951],[-94.815162,31.349856],[-94.815138,31.350058],[-94.8149,31.352076],[-94.814662,31.353827],[-94.816099,31.353956],[-94.817582,31.354272],[-94.820069,31.356582],[-94.820043,31.35715],[-94.820013,31.357838],[-94.819326,31.357558],[-94.818082,31.357302],[-94.816952,31.35753],[-94.816863,31.357605],[-94.81603,31.358313],[-94.815895,31.358429],[-94.815963,31.360951],[-94.815048,31.361119],[-94.81511,31.365286],[-94.814899,31.368491],[-94.814884,31.369565],[-94.820697,31.369376],[-94.820622,31.357508],[-94.820621,31.357206],[-94.823167,31.35785],[-94.824603,31.357879],[-94.825994,31.357909],[-94.825923,31.355981],[-94.825907,31.35554],[-94.8259,31.35534],[-94.825866,31.354361],[-94.825662,31.34886],[-94.825226,31.345329],[-94.82521,31.345195],[-94.825193,31.345061],[-94.825098,31.344293],[-94.824893,31.343475],[-94.824883,31.343434],[-94.824554,31.342104],[-94.824261,31.340848],[-94.82453,31.340843],[-94.825943,31.340818],[-94.826222,31.340814],[-94.826395,31.341918],[-94.826482,31.34247],[-94.830253,31.342528],[-94.830381,31.341312],[-94.830522,31.339967],[-94.830711,31.338179],[-94.83068,31.337973],[-94.830576,31.337904],[-94.829068,31.33777],[-94.827788,31.337817],[-94.826062,31.338126],[-94.825457,31.338242],[-94.826943,31.335972],[-94.8271,31.334665],[-94.827128,31.334427],[-94.827205,31.333793],[-94.828655,31.333753],[-94.828699,31.3342],[-94.82873,31.334512],[-94.832716,31.33425],[-94.83258,31.333251],[-94.83347,31.33328],[-94.833466,31.333159],[-94.833972,31.333161],[-94.834662,31.333158],[-94.835634,31.333169],[-94.835659,31.332379],[-94.833498,31.332376],[-94.832487,31.332383],[-94.827421,31.332122],[-94.826648,31.332082],[-94.825876,31.332043],[-94.820971,31.332033],[-94.820972,31.331852],[-94.821102,31.330387],[-94.821121,31.330174],[-94.824545,31.330175],[-94.824638,31.330175],[-94.826339,31.330175],[-94.826563,31.330176],[-94.826555,31.330023],[-94.826586,31.329772],[-94.826574,31.329482],[-94.826501,31.328913],[-94.826342,31.328905],[-94.822988,31.328775],[-94.82119,31.328705],[-94.821012,31.328699],[-94.821021,31.328005],[-94.821138,31.328005],[-94.82339,31.328017],[-94.824275,31.327989],[-94.826258,31.327971],[-94.826486,31.32797],[-94.82666,31.32797],[-94.828631,31.327932],[-94.828626,31.325018],[-94.828604,31.324076],[-94.824706,31.324048],[-94.82107,31.324021],[-94.821075,31.323651],[-94.821233,31.323576],[-94.821344,31.323524],[-94.821454,31.323471],[-94.821758,31.323326],[-94.822063,31.323182],[-94.822762,31.32285],[-94.823558,31.322306],[-94.824597,31.321594],[-94.827988,31.319266],[-94.83138,31.316939],[-94.83284,31.316026],[-94.831746,31.314861],[-94.833646,31.314335],[-94.834437,31.314206],[-94.835448,31.315665],[-94.83729,31.315837],[-94.837538,31.314463],[-94.839887,31.314303],[-94.84514,31.313751]]]]}},{"type":"Feature","properties":{"local_place_id":"62fc788a-b066-50d1-8324-edef95b863b2","display_name":"Zavalla","geoid":"4880728","gnis":"02412330","namelsad":"Zavalla city","lsad":"25","source":"census_tiger_place","source_vintage":"tiger_2024"},"geometry":{"type":"MultiPolygon","coordinates":[[[[-94.432752,31.160232],[-94.432814,31.158255],[-94.432641,31.15828],[-94.432376,31.158301],[-94.432129,31.15832],[-94.431814,31.15833],[-94.431343,31.158346],[-94.431275,31.158348],[-94.431265,31.15668],[-94.431198,31.1535],[-94.431169,31.15209],[-94.431099,31.148961],[-94.431041,31.146365],[-94.430859,31.143],[-94.430837,31.142595],[-94.430179,31.142606],[-94.428734,31.14263],[-94.427288,31.142653],[-94.426687,31.142652],[-94.426076,31.142653],[-94.421801,31.142713],[-94.42198,31.15273],[-94.4146,31.152857],[-94.413689,31.152881],[-94.41128,31.152947],[-94.411278,31.152812],[-94.411268,31.152094],[-94.404702,31.152197],[-94.404146,31.152212],[-94.404141,31.152613],[-94.40428,31.160507],[-94.40192,31.160461],[-94.401926,31.163557],[-94.401926,31.163779],[-94.401919,31.163976],[-94.40191,31.164261],[-94.402152,31.164227],[-94.402473,31.164222],[-94.402658,31.164224],[-94.404069,31.164241],[-94.404133,31.166574],[-94.405052,31.166578],[-94.407853,31.166554],[-94.408108,31.166559],[-94.408575,31.166567],[-94.408559,31.166631],[-94.408542,31.166746],[-94.408521,31.16689],[-94.408495,31.167186],[-94.408523,31.16776],[-94.408524,31.168072],[-94.408563,31.168927],[-94.408576,31.169299],[-94.408609,31.169933],[-94.408617,31.170386],[-94.408629,31.171001],[-94.408627,31.171551],[-94.408649,31.171829],[-94.408661,31.172114],[-94.408694,31.172681],[-94.4087,31.172972],[-94.408698,31.173175],[-94.408698,31.173257],[-94.408714,31.173538],[-94.408736,31.173821],[-94.408744,31.174008],[-94.408749,31.1741],[-94.408771,31.174443],[-94.408787,31.17467],[-94.408797,31.174968],[-94.408813,31.175274],[-94.40882,31.175582],[-94.408827,31.175715],[-94.410557,31.175662],[-94.411701,31.174412],[-94.412138,31.173937],[-94.414375,31.171497],[-94.414886,31.170946],[-94.415202,31.170608],[-94.417912,31.167695],[-94.41862,31.166927],[-94.418604,31.166613],[-94.418599,31.166533],[-94.419101,31.166529],[-94.420616,31.166518],[-94.421626,31.16651],[-94.421624,31.165849],[-94.42543,31.165123],[-94.425683,31.165075],[-94.425975,31.165019],[-94.427232,31.164779],[-94.427538,31.164719],[-94.428742,31.164487],[-94.430189,31.16421],[-94.430098,31.163818],[-94.429979,31.163355],[-94.429732,31.162359],[-94.429629,31.16187],[-94.429387,31.160878],[-94.429235,31.160303],[-94.431267,31.160262],[-94.432185,31.160243],[-94.432752,31.160232]]]]}},{"type":"Feature","properties":{"local_place_id":"e27d8dab-f9bb-5a40-88a0-989630cf6c91","display_name":"Liberty","geoid":"4842568","gnis":"02410832","namelsad":"Liberty city","lsad":"25","source":"census_tiger_place","source_vintage":"tiger_2024"},"geometry":{"type":"MultiPolygon","coordinates":[[[[-94.771723,29.944322],[-94.772218,29.943504],[-94.771215,29.942574],[-94.771723,29.944322]]],[[[-94.773077,29.907727],[-94.774072,29.904315],[-94.769309,29.903681],[-94.765998,29.903241],[-94.764604,29.903055],[-94.757262,29.902077],[-94.745781,29.900548],[-94.745648,29.900562],[-94.745235,29.900604],[-94.744776,29.900651],[-94.726979,29.901053],[-94.723943,29.901121],[-94.723527,29.90113],[-94.722741,29.901148],[-94.719409,29.901223],[-94.717031,29.90125],[-94.717914,29.902927],[-94.717902,29.90429],[-94.718674,29.90619],[-94.718551,29.907575],[-94.719329,29.908323],[-94.719302,29.910784],[-94.730037,29.910816],[-94.730294,29.910817],[-94.730723,29.910787],[-94.73079,29.910818],[-94.743328,29.910855],[-94.74475,29.91345],[-94.746669,29.911744],[-94.749513,29.915937],[-94.749441,29.919207],[-94.764922,29.91941],[-94.765623,29.919428],[-94.765188,29.91775],[-94.765122,29.917432],[-94.765146,29.915958],[-94.76506,29.915027],[-94.76453,29.914271],[-94.763883,29.913657],[-94.76378,29.913624],[-94.762798,29.913411],[-94.761786,29.913361],[-94.760806,29.913601],[-94.759263,29.913999],[-94.758354,29.914392],[-94.757728,29.914483],[-94.755878,29.915599],[-94.754945,29.916212],[-94.754019,29.916379],[-94.753174,29.916213],[-94.752645,29.915193],[-94.752757,29.913976],[-94.753347,29.913146],[-94.755417,29.91129],[-94.756361,29.91079],[-94.757383,29.910215],[-94.758427,29.909918],[-94.759801,29.909752],[-94.760669,29.90955],[-94.761578,29.909034],[-94.76289,29.908804],[-94.763756,29.908861],[-94.764459,29.908934],[-94.765598,29.909468],[-94.766441,29.910643],[-94.767255,29.911965],[-94.767857,29.912377],[-94.769132,29.912268],[-94.769697,29.911667],[-94.769861,29.909891],[-94.769488,29.908595],[-94.769308,29.908171],[-94.76989,29.908049],[-94.773077,29.907727]]],[[[-94.775422,29.942203],[-94.774796,29.941354],[-94.774743,29.941525],[-94.774373,29.941844],[-94.774202,29.941806],[-94.774253,29.941652],[-94.774228,29.941608],[-94.774183,29.941569],[-94.773413,29.941377],[-94.773129,29.941228],[-94.772851,29.94109],[-94.772188,29.941669],[-94.772506,29.942306],[-94.772603,29.942499],[-94.773183,29.94366],[-94.773842,29.943231],[-94.775422,29.942203]]],[[[-94.777839,29.934241],[-94.778408,29.920949],[-94.77454,29.920889],[-94.773858,29.920878],[-94.773858,29.920025],[-94.768598,29.921304],[-94.768148,29.921415],[-94.767654,29.921537],[-94.767084,29.921677],[-94.764742,29.922255],[-94.763694,29.922513],[-94.766114,29.924898],[-94.766767,29.925462],[-94.766456,29.925716],[-94.765648,29.927516],[-94.765502,29.927875],[-94.764752,29.928956],[-94.763363,29.93032],[-94.76292,29.931283],[-94.762836,29.932209],[-94.76259,29.933472],[-94.763154,29.934793],[-94.763309,29.934982],[-94.764162,29.935676],[-94.765439,29.93617],[-94.766698,29.936096],[-94.76745,29.935608],[-94.767919,29.934976],[-94.767955,29.934935],[-94.768298,29.93451],[-94.768925,29.933237],[-94.769506,29.932501],[-94.770417,29.931753],[-94.771389,29.93134],[-94.771818,29.931477],[-94.771983,29.931548],[-94.772297,29.931917],[-94.77237,29.932816],[-94.772193,29.934246],[-94.772742,29.934284],[-94.777839,29.934241]]],[[[-94.813912,29.955525],[-94.813908,29.954569],[-94.813882,29.948639],[-94.813524,29.94864],[-94.813124,29.948641],[-94.812681,29.948643],[-94.807601,29.948659],[-94.805873,29.948694],[-94.805481,29.948702],[-94.804068,29.94873],[-94.80402,29.949129],[-94.803746,29.949422],[-94.803648,29.949579],[-94.803245,29.949786],[-94.803002,29.949911],[-94.802513,29.949853],[-94.801833,29.949734],[-94.801292,29.949268],[-94.801359,29.950283],[-94.799813,29.950283],[-94.79905,29.950909],[-94.798541,29.951594],[-94.798326,29.952357],[-94.798286,29.952905],[-94.799187,29.952964],[-94.800635,29.955684],[-94.801182,29.95588],[-94.803159,29.957915],[-94.806354,29.957884],[-94.806729,29.957881],[-94.807337,29.957875],[-94.806892,29.957207],[-94.806133,29.956251],[-94.805483,29.955042],[-94.805194,29.954079],[-94.805077,29.953307],[-94.805449,29.952622],[-94.806505,29.95182],[-94.807953,29.951428],[-94.808756,29.951487],[-94.809538,29.952015],[-94.809969,29.952622],[-94.810234,29.954426],[-94.810379,29.95541],[-94.810419,29.95571],[-94.811001,29.955687],[-94.8125,29.955628],[-94.813069,29.955606],[-94.813455,29.955569],[-94.813912,29.955525]]],[[[-94.854444,30.034644],[-94.854448,30.033979],[-94.854141,30.033973],[-94.853223,30.033956],[-94.852917,30.033951],[-94.852489,30.033943],[-94.851208,30.03392],[-94.850781,30.033913],[-94.850696,30.033885],[-94.850611,30.033858],[-94.850437,30.033885],[-94.85035,30.033899],[-94.849206,30.033857],[-94.846301,30.033752],[-94.846196,30.033238],[-94.845968,30.032117],[-94.845894,30.031221],[-94.845834,30.030482],[-94.845758,30.02853],[-94.845724,30.027633],[-94.845754,30.027468],[-94.847795,30.027569],[-94.847872,30.026922],[-94.848153,30.024563],[-94.846995,30.024685],[-94.847002,30.024096],[-94.847025,30.022301],[-94.846139,30.022396],[-94.846147,30.020623],[-94.846149,30.020182],[-94.844602,30.020331],[-94.844505,30.02034],[-94.844551,30.020273],[-94.844753,30.019984],[-94.844849,30.019846],[-94.844945,30.019708],[-94.844995,30.019598],[-94.845045,30.019489],[-94.845346,30.018832],[-94.846259,30.016835],[-94.846873,30.016697],[-94.84908,30.016203],[-94.849087,30.014317],[-94.849088,30.014035],[-94.849089,30.013753],[-94.849091,30.013296],[-94.849092,30.013121],[-94.849092,30.012946],[-94.849096,30.011793],[-94.849098,30.011403],[-94.849099,30.011013],[-94.849104,30.009843],[-94.849114,30.007095],[-94.849128,30.003306],[-94.849095,30.002361],[-94.849029,30.000429],[-94.849004,29.999709],[-94.848986,29.999526],[-94.848151,29.999531],[-94.846595,29.999527],[-94.846676,29.998264],[-94.846724,29.997517],[-94.846726,29.996637],[-94.846732,29.994],[-94.846735,29.993121],[-94.846731,29.993096],[-94.846719,29.993022],[-94.846716,29.992998],[-94.846752,29.992333],[-94.846771,29.992008],[-94.845098,29.991984],[-94.844433,29.991975],[-94.84425,29.991972],[-94.843701,29.991965],[-94.843518,29.991963],[-94.843023,29.991954],[-94.841539,29.99193],[-94.841045,29.991922],[-94.840934,29.99192],[-94.840602,29.991914],[-94.840492,29.991913],[-94.840294,29.991911],[-94.840184,29.99191],[-94.839876,29.991906],[-94.839703,29.991904],[-94.839691,29.991904],[-94.839506,29.991901],[-94.839387,29.991906],[-94.839031,29.991924],[-94.838913,29.99193],[-94.838826,29.991927],[-94.838566,29.99192],[-94.83848,29.991918],[-94.837915,29.991909],[-94.836223,29.991885],[-94.835874,29.99188],[-94.835766,29.991878],[-94.835659,29.991877],[-94.835526,29.991875],[-94.835394,29.991873],[-94.835208,29.991868],[-94.834904,29.991864],[-94.834599,29.991861],[-94.832699,29.991831],[-94.823821,29.991695],[-94.820862,29.99165],[-94.819806,29.991623],[-94.819879,29.988275],[-94.819888,29.987862],[-94.81488,29.987824],[-94.814665,29.987697],[-94.814176,29.987433],[-94.813168,29.986846],[-94.812424,29.986689],[-94.811724,29.986509],[-94.810508,29.985671],[-94.809959,29.985251],[-94.809567,29.984801],[-94.809342,29.984194],[-94.809296,29.983859],[-94.810152,29.983855],[-94.810903,29.983851],[-94.814567,29.983832],[-94.816661,29.983862],[-94.816741,29.980283],[-94.816797,29.977854],[-94.813077,29.977818],[-94.812531,29.977057],[-94.812086,29.976281],[-94.812287,29.975189],[-94.813092,29.973881],[-94.813623,29.973292],[-94.814141,29.972616],[-94.814958,29.97214],[-94.81516,29.972139],[-94.81542,29.971625],[-94.815348,29.971093],[-94.815118,29.970619],[-94.814687,29.969972],[-94.814117,29.969186],[-94.813667,29.96899],[-94.81253,29.968976],[-94.808743,29.968836],[-94.807464,29.968883],[-94.804392,29.968912],[-94.806877,29.971592],[-94.808188,29.973119],[-94.808149,29.977815],[-94.807131,29.977854],[-94.80717,29.983724],[-94.806035,29.983724],[-94.806074,29.98799],[-94.810693,29.990779],[-94.812185,29.99185],[-94.81143,29.992431],[-94.797871,29.992566],[-94.796891,29.992575],[-94.792045,29.992623],[-94.790838,29.992646],[-94.78722,29.992716],[-94.786014,29.99274],[-94.784971,29.992733],[-94.784885,29.992733],[-94.78507,29.995768],[-94.785134,29.996809],[-94.785058,29.998689],[-94.784999,30.00016],[-94.784815,30.004332],[-94.784733,30.006213],[-94.784746,30.006977],[-94.784786,30.009271],[-94.7848,30.010036],[-94.784484,30.009995],[-94.783868,30.009915],[-94.783538,30.009872],[-94.783223,30.009831],[-94.782961,30.00982],[-94.782701,30.00981],[-94.782176,30.009788],[-94.781915,30.009779],[-94.78012,30.00983],[-94.777074,30.009918],[-94.774735,30.009985],[-94.772941,30.010037],[-94.772806,30.010036],[-94.772403,30.010034],[-94.772269,30.010034],[-94.772181,30.01003],[-94.771918,30.010021],[-94.771831,30.010018],[-94.771573,30.010033],[-94.771314,30.010049],[-94.770714,30.010045],[-94.767361,30.010027],[-94.766244,30.010021],[-94.766191,30.013399],[-94.766032,30.023535],[-94.76598,30.026914],[-94.765934,30.029031],[-94.76569,30.029031],[-94.758606,30.029036],[-94.756245,30.029039],[-94.755622,30.029179],[-94.753754,30.0296],[-94.753132,30.029741],[-94.752103,30.031876],[-94.751711,30.032691],[-94.751208,30.03266],[-94.751171,30.038363],[-94.751157,30.040734],[-94.751177,30.042539],[-94.751207,30.045226],[-94.751207,30.045546],[-94.751151,30.047955],[-94.751148,30.04813],[-94.750904,30.048036],[-94.750859,30.049405],[-94.752538,30.049435],[-94.753544,30.049453],[-94.753501,30.053486],[-94.753484,30.055166],[-94.753485,30.055238],[-94.753488,30.055456],[-94.753489,30.055529],[-94.753484,30.056289],[-94.753476,30.057865],[-94.753475,30.058572],[-94.753475,30.059334],[-94.753477,30.059377],[-94.753483,30.059507],[-94.753486,30.059551],[-94.75344,30.059527],[-94.753353,30.059484],[-94.753304,30.059454],[-94.753261,30.059428],[-94.753164,30.059368],[-94.753062,30.059306],[-94.752895,30.059164],[-94.752809,30.059091],[-94.752542,30.058847],[-94.752437,30.058746],[-94.752205,30.058522],[-94.751466,30.057846],[-94.751321,30.057717],[-94.751309,30.057707],[-94.750946,30.057378],[-94.750871,30.057313],[-94.750857,30.057301],[-94.750816,30.057265],[-94.750803,30.057254],[-94.750464,30.057323],[-94.749447,30.057532],[-94.749109,30.057602],[-94.74908,30.057939],[-94.74904,30.058419],[-94.749039,30.058953],[-94.749039,30.059292],[-94.749043,30.059438],[-94.749055,30.059879],[-94.74906,30.060026],[-94.748978,30.061446],[-94.748976,30.061487],[-94.748968,30.062082],[-94.748872,30.06271],[-94.748588,30.062697],[-94.747732,30.062639],[-94.746887,30.063286],[-94.744507,30.064287],[-94.744001,30.065976],[-94.743896,30.070537],[-94.743853,30.071192],[-94.74386,30.071692],[-94.743931,30.07191],[-94.744053,30.072087],[-94.744797,30.072148],[-94.745437,30.072098],[-94.746078,30.071922],[-94.746831,30.07169],[-94.748414,30.071141],[-94.748415,30.071499],[-94.748417,30.072205],[-94.748418,30.072604],[-94.74727,30.072706],[-94.743828,30.073013],[-94.743453,30.073046],[-94.742806,30.073062],[-94.736131,30.073038],[-94.736049,30.073037],[-94.735966,30.073037],[-94.73589,30.073037],[-94.735779,30.073037],[-94.734447,30.073032],[-94.733803,30.073017],[-94.732905,30.072998],[-94.732883,30.074029],[-94.732879,30.074235],[-94.73287,30.074673],[-94.732862,30.074976],[-94.732842,30.075886],[-94.732835,30.07619],[-94.732753,30.079174],[-94.729902,30.07958],[-94.723324,30.080518],[-94.723666,30.072742],[-94.720528,30.073163],[-94.718573,30.073426],[-94.718095,30.07349],[-94.714716,30.073944],[-94.71418,30.073876],[-94.713538,30.074142],[-94.712395,30.074177],[-94.711307,30.074212],[-94.710973,30.074223],[-94.709689,30.073816],[-94.708349,30.072562],[-94.707855,30.070968],[-94.707817,30.070109],[-94.707713,30.067734],[-94.707778,30.065607],[-94.707866,30.064909],[-94.708105,30.06304],[-94.708756,30.061812],[-94.709409,30.0612],[-94.710907,30.060594],[-94.711446,30.060407],[-94.71234,30.060098],[-94.713426,30.059612],[-94.713577,30.059545],[-94.714229,30.058877],[-94.715342,30.057549],[-94.715352,30.057367],[-94.715382,30.056962],[-94.715512,30.055214],[-94.715511,30.055203],[-94.715475,30.054769],[-94.715475,30.054617],[-94.715456,30.053625],[-94.715399,30.050652],[-94.71538,30.049661],[-94.715368,30.049472],[-94.715376,30.049159],[-94.715319,30.046958],[-94.715773,30.044871],[-94.717252,30.042359],[-94.717334,30.042222],[-94.716552,30.040642],[-94.715379,30.039739],[-94.714598,30.038274],[-94.706589,30.038497],[-94.69918,30.038692],[-94.698226,30.038717],[-94.69822,30.039031],[-94.698105,30.046283],[-94.698105,30.046375],[-94.698107,30.046652],[-94.698108,30.046745],[-94.698105,30.046935],[-94.698094,30.047726],[-94.698056,30.050672],[-94.698044,30.051654],[-94.698029,30.052099],[-94.698007,30.052819],[-94.697987,30.053437],[-94.697974,30.053884],[-94.697953,30.054125],[-94.700169,30.054055],[-94.700204,30.055057],[-94.700287,30.057371],[-94.700485,30.062917],[-94.700574,30.065437],[-94.700698,30.068898],[-94.700121,30.068992],[-94.69839,30.069274],[-94.697814,30.069369],[-94.697415,30.069436],[-94.697374,30.069442],[-94.696055,30.069651],[-94.695616,30.069721],[-94.69526,30.070839],[-94.695345,30.071456],[-94.695784,30.07255],[-94.695602,30.073566],[-94.695334,30.074203],[-94.695241,30.074426],[-94.695508,30.07532],[-94.696032,30.076565],[-94.697017,30.078903],[-94.698262,30.07875],[-94.69813,30.078977],[-94.697728,30.079673],[-94.697888,30.080197],[-94.698375,30.081794],[-94.698974,30.083753],[-94.699225,30.083721],[-94.701377,30.083445],[-94.701242,30.08292],[-94.701168,30.082632],[-94.700826,30.081302],[-94.700742,30.080992],[-94.70049,30.080064],[-94.700407,30.079755],[-94.700256,30.079185],[-94.70004,30.078366],[-94.700716,30.07825],[-94.70093,30.078213],[-94.700943,30.078222],[-94.701435,30.078547],[-94.701826,30.0785],[-94.703002,30.078362],[-94.703394,30.078316],[-94.704219,30.078201],[-94.706694,30.07786],[-94.70752,30.077747],[-94.709242,30.07747],[-94.714409,30.07664],[-94.715447,30.076474],[-94.715394,30.077165],[-94.715371,30.077631],[-94.715305,30.079032],[-94.715284,30.0795],[-94.715229,30.081534],[-94.715143,30.084755],[-94.715073,30.087408],[-94.728074,30.085653],[-94.732766,30.085021],[-94.732687,30.085538],[-94.732658,30.086843],[-94.732574,30.090761],[-94.732552,30.091829],[-94.732547,30.092067],[-94.732275,30.095605],[-94.732217,30.096373],[-94.732188,30.09675],[-94.732419,30.100012],[-94.73288,30.103673],[-94.733188,30.104605],[-94.733474,30.105046],[-94.734033,30.105911],[-94.734265,30.106269],[-94.736093,30.108469],[-94.73626,30.108672],[-94.737675,30.10869],[-94.738795,30.108706],[-94.741923,30.108747],[-94.74316,30.108764],[-94.743323,30.108839],[-94.743357,30.108837],[-94.743459,30.108831],[-94.743494,30.10883],[-94.74612,30.108805],[-94.753998,30.108732],[-94.755419,30.10872],[-94.756625,30.1087],[-94.756843,30.108706],[-94.757275,30.108696],[-94.759226,30.108654],[-94.759877,30.10864],[-94.760061,30.108634],[-94.760168,30.108632],[-94.760459,30.108625],[-94.760614,30.108621],[-94.760629,30.108621],[-94.760799,30.108617],[-94.763061,30.108574],[-94.765553,30.108527],[-94.765273,30.105083],[-94.7657,30.105067],[-94.765675,30.104654],[-94.765641,30.104076],[-94.767321,30.103966],[-94.767231,30.103692],[-94.767029,30.103072],[-94.766958,30.102875],[-94.766862,30.102605],[-94.768835,30.10261],[-94.768841,30.102423],[-94.769065,30.095949],[-94.76914,30.093792],[-94.769169,30.09365],[-94.769361,30.092698],[-94.774867,30.092888],[-94.785915,30.093271],[-94.794452,30.093567],[-94.794733,30.093576],[-94.800912,30.093791],[-94.801066,30.093796],[-94.801219,30.093801],[-94.801355,30.093806],[-94.801516,30.093807],[-94.801999,30.09381],[-94.802161,30.093812],[-94.802275,30.093713],[-94.802439,30.093608],[-94.802477,30.093575],[-94.802484,30.093526],[-94.802441,30.093475],[-94.802382,30.093405],[-94.802174,30.093256],[-94.802079,30.093058],[-94.801971,30.09258],[-94.801864,30.092184],[-94.801866,30.092148],[-94.80187,30.09209],[-94.801908,30.091991],[-94.802041,30.091859],[-94.802275,30.091491],[-94.802281,30.091188],[-94.802307,30.091089],[-94.802395,30.090946],[-94.802673,30.090622],[-94.802768,30.090325],[-94.802914,30.090023],[-94.802971,30.089797],[-94.803009,30.089594],[-94.803053,30.089478],[-94.803135,30.089385],[-94.803217,30.089088],[-94.803255,30.088758],[-94.803217,30.088576],[-94.803224,30.088296],[-94.8033,30.088147],[-94.803502,30.087476],[-94.803878,30.086607],[-94.804002,30.086322],[-94.80404,30.086118],[-94.804059,30.085942],[-94.804255,30.08515],[-94.804362,30.08476],[-94.80438,30.084663],[-94.804434,30.084376],[-94.804451,30.084292],[-94.804457,30.084067],[-94.804413,30.083852],[-94.804377,30.083508],[-94.804375,30.083479],[-94.804394,30.083217],[-94.8044,30.083138],[-94.804495,30.082874],[-94.804735,30.082527],[-94.80502,30.082252],[-94.805759,30.081933],[-94.805772,30.081928],[-94.806209,30.081774],[-94.806626,30.081763],[-94.807043,30.081658],[-94.807505,30.081493],[-94.807809,30.081361],[-94.807935,30.081251],[-94.807948,30.081185],[-94.807954,30.081037],[-94.807884,30.080591],[-94.80784,30.080542],[-94.807758,30.080366],[-94.807214,30.079739],[-94.807056,30.07953],[-94.806923,30.079316],[-94.806879,30.0792],[-94.80686,30.079057],[-94.806873,30.078788],[-94.806715,30.078271],[-94.806603,30.078004],[-94.806519,30.077803],[-94.806449,30.077539],[-94.806487,30.076747],[-94.806793,30.076119],[-94.806926,30.075845],[-94.807132,30.075422],[-94.807404,30.075072],[-94.807591,30.074832],[-94.807749,30.074627],[-94.808017,30.074284],[-94.808251,30.074038],[-94.80843,30.073851],[-94.811132,30.073807],[-94.811427,30.073803],[-94.819241,30.073678],[-94.820752,30.073655],[-94.82135,30.073645],[-94.821945,30.073654],[-94.822624,30.073718],[-94.823304,30.073782],[-94.826322,30.074067],[-94.839454,30.075307],[-94.843832,30.075721],[-94.845953,30.075719],[-94.849481,30.075718],[-94.852318,30.075715],[-94.85444,30.075714],[-94.854431,30.075102],[-94.854398,30.072862],[-94.854273,30.064309],[-94.854232,30.061458],[-94.854271,30.059882],[-94.854362,30.056211],[-94.854364,30.056111],[-94.854367,30.056011],[-94.854374,30.055734],[-94.854381,30.055457],[-94.854388,30.055155],[-94.854424,30.05377],[-94.854429,30.05358],[-94.854433,30.047093],[-94.854434,30.04604],[-94.854436,30.043685],[-94.854436,30.043393],[-94.854442,30.035225],[-94.854442,30.034975],[-94.854444,30.034644]]]]}},{"type":"Feature","properties":{"local_place_id":"4fcae51d-b8f4-5284-8eb7-3d339e199cbb","display_name":"Dayton","geoid":"4819432","gnis":"02410300","namelsad":"Dayton city","lsad":"25","source":"census_tiger_place","source_vintage":"tiger_2024"},"geometry":{"type":"MultiPolygon","coordinates":[[[[-94.927929,30.01627],[-94.927839,30.016257],[-94.927316,30.016268],[-94.926005,30.016299],[-94.925976,30.016299],[-94.92521,30.016293],[-94.924509,30.016288],[-94.924183,30.016288],[-94.923877,30.016288],[-94.923879,30.01626],[-94.923912,30.012177],[-94.923899,30.008107],[-94.919865,30.008117],[-94.919838,30.010213],[-94.919864,30.011858],[-94.912456,30.011876],[-94.912197,30.013734],[-94.911775,30.013656],[-94.91178,30.015168],[-94.911529,30.015168],[-94.911525,30.015237],[-94.909501,30.015223],[-94.904471,30.015188],[-94.902064,30.015172],[-94.901464,30.015204],[-94.90123,30.015201],[-94.901194,30.015339],[-94.900975,30.016164],[-94.900857,30.016627],[-94.900424,30.018327],[-94.900025,30.019818],[-94.899933,30.019818],[-94.899886,30.01999],[-94.899558,30.019976],[-94.898426,30.019928],[-94.898205,30.022971],[-94.898779,30.022903],[-94.899238,30.022849],[-94.897767,30.027949],[-94.897559,30.02866],[-94.897841,30.028664],[-94.904464,30.028757],[-94.910945,30.028846],[-94.910947,30.028895],[-94.910952,30.029028],[-94.91097,30.029424],[-94.911116,30.029315],[-94.911786,30.028788],[-94.91192,30.028681],[-94.912117,30.028524],[-94.913093,30.027745],[-94.914158,30.026898],[-94.914494,30.026635],[-94.915797,30.025623],[-94.916043,30.025434],[-94.916309,30.02523],[-94.916331,30.024951],[-94.916339,30.024856],[-94.916343,30.024803],[-94.91648,30.02243],[-94.916514,30.022405],[-94.919897,30.020084],[-94.922051,30.018606],[-94.922512,30.018272],[-94.923045,30.017886],[-94.923111,30.018275],[-94.923271,30.019213],[-94.923355,30.019703],[-94.923375,30.019822],[-94.924527,30.018947],[-94.924919,30.01865],[-94.925537,30.018178],[-94.927395,30.016763],[-94.928014,30.016292],[-94.927929,30.01627]],[[-95.009255,30.045978],[-95.009253,30.046339],[-95.009239,30.048746],[-95.008911,30.04869],[-95.008485,30.048619],[-95.00842,30.048616],[-95.00809,30.048618],[-95.008047,30.048605],[-95.007281,30.048623],[-95.004012,30.048642],[-95.001499,30.048656],[-94.992751,30.048707],[-94.981279,30.04878],[-94.979724,30.048792],[-94.97878,30.048837],[-94.97829,30.048861],[-94.978012,30.048874],[-94.976087,30.048966],[-94.972833,30.049121],[-94.96954,30.04914],[-94.954577,30.049172],[-94.944564,30.049198],[-94.940652,30.049204],[-94.921807,30.049256],[-94.917591,30.049264],[-94.914389,30.049274],[-94.908782,30.049291],[-94.905009,30.0493],[-94.899255,30.049249],[-94.900952,30.053658],[-94.906395,30.05364],[-94.906431,30.055866],[-94.902362,30.055896],[-94.90186,30.056101],[-94.902932,30.059324],[-94.903181,30.060073],[-94.903258,30.060073],[-94.90364,30.060074],[-94.903719,30.060074],[-94.904565,30.06008],[-94.904587,30.060132],[-94.904915,30.061031],[-94.905464,30.062536],[-94.906428,30.062535],[-94.910078,30.062529],[-94.911197,30.066331],[-94.905141,30.066392],[-94.905773,30.067368],[-94.906689,30.068784],[-94.907391,30.069869],[-94.907494,30.070028],[-94.907548,30.070111],[-94.907626,30.070231],[-94.91061,30.074857],[-94.909907,30.074849],[-94.909572,30.074838],[-94.909393,30.074842],[-94.909281,30.074839],[-94.909323,30.074935],[-94.909369,30.075042],[-94.909404,30.075122],[-94.90942,30.075158],[-94.909456,30.075241],[-94.909564,30.075493],[-94.909601,30.075577],[-94.90962,30.07562],[-94.909771,30.075972],[-94.909801,30.07604],[-94.910402,30.07743],[-94.910603,30.077894],[-94.910824,30.078449],[-94.911015,30.078928],[-94.911036,30.078982],[-94.91148,30.080116],[-94.911616,30.080464],[-94.911699,30.080673],[-94.911742,30.080773],[-94.911874,30.081073],[-94.911918,30.081174],[-94.911936,30.081216],[-94.912189,30.08183],[-94.912742,30.08317],[-94.913002,30.083801],[-94.913102,30.084044],[-94.913566,30.084234],[-94.914932,30.084797],[-94.917738,30.085956],[-94.918371,30.087226],[-94.919877,30.090258],[-94.92136,30.093239],[-94.923983,30.098513],[-94.925042,30.098515],[-94.925011,30.090681],[-94.928702,30.090777],[-94.929876,30.097478],[-94.930068,30.098572],[-94.934834,30.098618],[-94.93958,30.098652],[-94.941848,30.098689],[-94.941897,30.098685],[-94.942308,30.098402],[-94.943135,30.097833],[-94.959484,30.097775],[-94.96046,30.097772],[-94.963499,30.097762],[-94.963618,30.097762],[-94.966584,30.100073],[-94.968125,30.100073],[-94.968529,30.100074],[-94.970739,30.100081],[-94.97106,30.100064],[-94.9716,30.100021],[-94.972595,30.099919],[-94.973019,30.099902],[-94.973371,30.099902],[-94.975123,30.099905],[-94.97531,30.099905],[-94.975873,30.099905],[-94.976061,30.099906],[-94.977825,30.099927],[-94.977832,30.102724],[-94.984065,30.10274],[-94.985893,30.100843],[-94.986008,30.100844],[-94.992801,30.100894],[-94.992801,30.100932],[-94.992797,30.101168],[-94.992796,30.101265],[-94.992791,30.101673],[-94.992782,30.10242],[-94.992776,30.102899],[-94.992771,30.103308],[-94.992754,30.10381],[-94.992739,30.103903],[-94.992723,30.10396],[-94.992693,30.103995],[-94.992894,30.104028],[-94.992872,30.1081],[-94.996866,30.108078],[-94.996891,30.110071],[-94.99287,30.110114],[-94.992869,30.111319],[-94.989907,30.111322],[-94.989867,30.10784],[-94.989859,30.104053],[-94.989079,30.104053],[-94.988227,30.104053],[-94.987998,30.104053],[-94.987702,30.104053],[-94.987574,30.104053],[-94.985652,30.105858],[-94.976123,30.105892],[-94.974211,30.1059],[-94.973979,30.102577],[-94.965682,30.102691],[-94.962455,30.100147],[-94.962331,30.100057],[-94.962031,30.100059],[-94.961987,30.100059],[-94.961854,30.100059],[-94.961811,30.10006],[-94.961462,30.100058],[-94.960415,30.100052],[-94.960066,30.100051],[-94.959964,30.10005],[-94.95977,30.10005],[-94.959659,30.100048],[-94.959558,30.100048],[-94.959542,30.100048],[-94.959174,30.100043],[-94.957727,30.10005],[-94.956333,30.100057],[-94.95587,30.100053],[-94.952234,30.100044],[-94.951801,30.100043],[-94.950673,30.100043],[-94.950403,30.100043],[-94.949206,30.100053],[-94.9488,30.100057],[-94.947617,30.100057],[-94.945814,30.100057],[-94.945615,30.100059],[-94.94454,30.100073],[-94.944419,30.100078],[-94.942178,30.102001],[-94.936924,30.101963],[-94.935228,30.101952],[-94.927102,30.101891],[-94.923951,30.101871],[-94.925111,30.104814],[-94.925246,30.105158],[-94.926769,30.109026],[-94.926957,30.109529],[-94.927123,30.109885],[-94.927137,30.109922],[-94.92768,30.111411],[-94.928204,30.112848],[-94.928954,30.116086],[-94.929599,30.118634],[-94.930576,30.124214],[-94.93136,30.13025],[-94.931409,30.130607],[-94.931425,30.130643],[-94.931474,30.130754],[-94.931491,30.130791],[-94.931382,30.130792],[-94.930914,30.130792],[-94.929186,30.130794],[-94.928953,30.130795],[-94.92861,30.130803],[-94.928234,30.130811],[-94.928048,30.130823],[-94.927709,30.130845],[-94.927509,30.130841],[-94.926981,30.130831],[-94.925893,30.130841],[-94.925484,30.130845],[-94.925355,30.130844],[-94.924913,30.130842],[-94.924864,30.130842],[-94.924574,30.128601],[-94.924139,30.12529],[-94.923767,30.123213],[-94.92319,30.11999],[-94.92204,30.115118],[-94.921864,30.114545],[-94.921559,30.113551],[-94.921333,30.112959],[-94.921032,30.112169],[-94.919952,30.109216],[-94.918136,30.104811],[-94.917472,30.103134],[-94.916828,30.101496],[-94.916831,30.100961],[-94.916833,30.10069],[-94.916836,30.100248],[-94.916836,30.100201],[-94.916836,30.100063],[-94.916837,30.100017],[-94.91684,30.09952],[-94.91684,30.09951],[-94.916849,30.097992],[-94.916852,30.097486],[-94.916855,30.096847],[-94.913027,30.096829],[-94.912905,30.092184],[-94.912895,30.091807],[-94.915182,30.091917],[-94.916108,30.091962],[-94.915964,30.091662],[-94.915589,30.090881],[-94.915217,30.090092],[-94.914491,30.088848],[-94.912941,30.089426],[-94.912874,30.08929],[-94.912392,30.088305],[-94.912408,30.087544],[-94.912423,30.086913],[-94.912492,30.085606],[-94.910999,30.085574],[-94.909264,30.081913],[-94.90899,30.081923],[-94.903756,30.082004],[-94.903694,30.08455],[-94.886834,30.084626],[-94.873124,30.084687],[-94.872792,30.084688],[-94.870485,30.084698],[-94.870466,30.083227],[-94.868052,30.081821],[-94.867085,30.081259],[-94.866364,30.080839],[-94.864811,30.079939],[-94.864939,30.079867],[-94.865015,30.079826],[-94.865175,30.079743],[-94.865348,30.079652],[-94.865401,30.079626],[-94.865772,30.079472],[-94.865889,30.079423],[-94.866071,30.07935],[-94.866363,30.079232],[-94.867725,30.080027],[-94.867752,30.080043],[-94.868296,30.079332],[-94.867374,30.07885],[-94.867397,30.078841],[-94.867478,30.078811],[-94.867725,30.078704],[-94.868211,30.078463],[-94.868581,30.07827],[-94.868685,30.078209],[-94.868881,30.078096],[-94.869206,30.077916],[-94.869561,30.07771],[-94.86997,30.077449],[-94.870232,30.077269],[-94.870533,30.077042],[-94.870888,30.076755],[-94.871025,30.076632],[-94.871326,30.076351],[-94.871598,30.0761],[-94.871977,30.075766],[-94.872127,30.075626],[-94.872564,30.07522],[-94.872836,30.074969],[-94.855544,30.07509],[-94.854431,30.075102],[-94.854398,30.072862],[-94.854273,30.064309],[-94.854232,30.061458],[-94.854271,30.059882],[-94.854362,30.056211],[-94.854364,30.056111],[-94.854367,30.056011],[-94.854374,30.055734],[-94.854381,30.055457],[-94.854388,30.055155],[-94.854424,30.05377],[-94.854429,30.05358],[-94.854433,30.047093],[-94.854434,30.04604],[-94.854436,30.043685],[-94.854436,30.043393],[-94.854442,30.035225],[-94.854442,30.034975],[-94.854444,30.034644],[-94.855651,30.034631],[-94.86506,30.034532],[-94.868941,30.034452],[-94.869149,30.034448],[-94.869691,30.034457],[-94.870078,30.034455],[-94.870531,30.034454],[-94.870555,30.034454],[-94.870627,30.034454],[-94.870651,30.034454],[-94.871261,30.034452],[-94.871512,30.034448],[-94.872805,30.034426],[-94.873099,30.034422],[-94.874096,30.034407],[-94.874467,30.034401],[-94.874665,30.034398],[-94.874698,30.034398],[-94.874694,30.034289],[-94.874676,30.033748],[-94.874803,30.033748],[-94.874782,30.033611],[-94.874472,30.031599],[-94.874378,30.030987],[-94.872219,30.016946],[-94.871779,30.01506],[-94.871766,30.01502],[-94.868354,30.008715],[-94.864425,30.001459],[-94.863965,30.000679],[-94.861602,29.997514],[-94.858382,29.993023],[-94.857889,29.992348],[-94.854602,29.988052],[-94.85458,29.988024],[-94.857895,29.988099],[-94.858241,29.988084],[-94.858303,29.98807],[-94.858056,29.98774],[-94.857966,29.98762],[-94.857699,29.987262],[-94.85761,29.987143],[-94.857462,29.986941],[-94.857019,29.986338],[-94.856872,29.986138],[-94.856327,29.985397],[-94.855675,29.984509],[-94.85468,29.983188],[-94.854128,29.982454],[-94.854067,29.982372],[-94.853886,29.982129],[-94.853826,29.982048],[-94.853758,29.981957],[-94.853556,29.981685],[-94.853489,29.981595],[-94.85346,29.981557],[-94.853752,29.981416],[-94.853847,29.981369],[-94.854202,29.981197],[-94.856518,29.980073],[-94.86003,29.985041],[-94.860438,29.985597],[-94.862063,29.987812],[-94.865605,29.992747],[-94.867408,29.995177],[-94.868417,29.996542],[-94.869783,29.998711],[-94.870418,29.9998],[-94.870755,30.000377],[-94.871495,30.001594],[-94.87273,30.00376],[-94.875134,30.008095],[-94.877764,30.013299],[-94.878195,30.014711],[-94.878592,30.016338],[-94.878715,30.017003],[-94.879439,30.020927],[-94.88074,30.028494],[-94.880884,30.029327],[-94.893414,30.029452],[-94.89375,30.029455],[-94.893919,30.029456],[-94.893919,30.029407],[-94.893919,30.029373],[-94.893919,30.029272],[-94.893919,30.029239],[-94.893919,30.0291],[-94.89392,30.028496],[-94.89392,30.028442],[-94.893921,30.027883],[-94.893922,30.026052],[-94.893923,30.025256],[-94.892283,30.025251],[-94.892281,30.024376],[-94.89375,30.024375],[-94.893922,30.024375],[-94.893922,30.024289],[-94.893921,30.023615],[-94.893921,30.023418],[-94.89392,30.0232],[-94.893919,30.022687],[-94.893919,30.022535],[-94.893773,30.022533],[-94.893464,30.022532],[-94.889918,30.022512],[-94.889918,30.022587],[-94.889264,30.022584],[-94.889268,30.02142],[-94.892999,30.021439],[-94.893745,30.021444],[-94.893735,30.021018],[-94.893725,30.020574],[-94.893725,30.020481],[-94.893727,30.020202],[-94.893728,30.02011],[-94.890327,30.020123],[-94.890019,30.020124],[-94.890032,30.019924],[-94.890076,30.019233],[-94.890157,30.017793],[-94.890247,30.016184],[-94.890421,30.014833],[-94.890784,30.013575],[-94.891153,30.012233],[-94.89173,30.010644],[-94.89221,30.00955],[-94.893201,30.007908],[-94.894035,30.006527],[-94.894221,29.999925],[-94.894402,29.993482],[-94.894403,29.993456],[-94.894449,29.992668],[-94.894864,29.985496],[-94.902696,29.985891],[-94.902873,29.985393],[-94.902955,29.985165],[-94.902985,29.985089],[-94.903199,29.984495],[-94.903806,29.981872],[-94.904139,29.979714],[-94.904173,29.979499],[-94.904197,29.979343],[-94.904216,29.979226],[-94.90425,29.978996],[-94.90428,29.977211],[-94.904106,29.974001],[-94.90361,29.961467],[-94.903573,29.961146],[-94.903555,29.961024],[-94.903541,29.960874],[-94.903523,29.960709],[-94.903195,29.957852],[-94.902373,29.950661],[-94.902181,29.948953],[-94.90164,29.944206],[-94.900051,29.935564],[-94.898597,29.927675],[-94.898549,29.927413],[-94.897703,29.922817],[-94.897621,29.922367],[-94.897491,29.921597],[-94.896678,29.921911],[-94.897399,29.922972],[-94.89724,29.923053],[-94.896878,29.923237],[-94.888383,29.927561],[-94.886613,29.917135],[-94.8866,29.917126],[-94.890862,29.91496],[-94.895459,29.921677],[-94.89644,29.921167],[-94.89734,29.920698],[-94.897289,29.920392],[-94.896333,29.919143],[-94.896978,29.91854],[-94.896717,29.916986],[-94.89668,29.917138],[-94.895789,29.917611],[-94.895417,29.917809],[-94.892741,29.914021],[-94.894993,29.912873],[-94.895756,29.912484],[-94.895938,29.912347],[-94.895874,29.91206],[-94.895444,29.910129],[-94.895296,29.910169],[-94.894648,29.910494],[-94.886228,29.914721],[-94.885325,29.90941],[-94.88499,29.907443],[-94.890325,29.904785],[-94.893358,29.903258],[-94.8939,29.902987],[-94.893832,29.902708],[-94.89328,29.900453],[-94.892867,29.900663],[-94.890759,29.901739],[-94.885607,29.904368],[-94.884569,29.90497],[-94.884391,29.903924],[-94.885209,29.903227],[-94.893009,29.899186],[-94.892981,29.899062],[-94.896191,29.897416],[-94.896328,29.89735],[-94.896494,29.897257],[-94.896569,29.897214],[-94.896641,29.897153],[-94.896772,29.897078],[-94.897477,29.896746],[-94.903587,29.893866],[-94.908447,29.891533],[-94.91078,29.890413],[-94.910809,29.890672],[-94.910902,29.89157],[-94.91105,29.891493],[-94.912332,29.890836],[-94.915441,29.889242],[-94.915645,29.889581],[-94.915842,29.889923],[-94.916033,29.890268],[-94.916125,29.890442],[-94.916217,29.890616],[-94.916395,29.890966],[-94.916566,29.891318],[-94.916693,29.891591],[-94.916731,29.891673],[-94.916889,29.89203],[-94.91704,29.892389],[-94.917185,29.892754],[-94.917323,29.893114],[-94.918234,29.899572],[-94.918436,29.901003],[-94.918383,29.901205],[-94.917336,29.901727],[-94.917076,29.901856],[-94.914798,29.902991],[-94.912452,29.904161],[-94.912489,29.904489],[-94.912618,29.905687],[-94.912673,29.906206],[-94.912924,29.908647],[-94.913053,29.909694],[-94.913109,29.910191],[-94.913186,29.911018],[-94.913313,29.912054],[-94.913402,29.912783],[-94.91348,29.91332],[-94.913496,29.913652],[-94.913549,29.914119],[-94.913614,29.914642],[-94.913693,29.915343],[-94.91374,29.915588],[-94.913763,29.915887],[-94.913842,29.916888],[-94.913932,29.91769],[-94.914002,29.918166],[-94.914013,29.918359],[-94.914052,29.918538],[-94.914072,29.918718],[-94.914115,29.918957],[-94.914104,29.919155],[-94.91412,29.91944],[-94.914176,29.919875],[-94.913993,29.920178],[-94.913954,29.920243],[-94.913873,29.920379],[-94.913833,29.920001],[-94.906504,29.923737],[-94.906057,29.92396],[-94.906078,29.924141],[-94.906099,29.924286],[-94.906411,29.926618],[-94.906511,29.92677],[-94.908885,29.930336],[-94.90793,29.930806],[-94.907035,29.931246],[-94.906535,29.927893],[-94.906015,29.928148],[-94.905734,29.926055],[-94.90504,29.92641],[-94.904264,29.926804],[-94.905346,29.928452],[-94.906237,29.929803],[-94.906476,29.931582],[-94.90651,29.931836],[-94.905645,29.930443],[-94.904953,29.929331],[-94.904771,29.929061],[-94.903081,29.926386],[-94.902968,29.926396],[-94.90162,29.926566],[-94.901687,29.92696],[-94.902892,29.928746],[-94.904668,29.931417],[-94.904712,29.931435],[-94.905176,29.932165],[-94.905833,29.936158],[-94.907086,29.943763],[-94.907497,29.943714],[-94.908482,29.943594],[-94.908691,29.943569],[-94.90889,29.943545],[-94.908902,29.943614],[-94.908974,29.944041],[-94.909004,29.944217],[-94.909016,29.944287],[-94.909182,29.945263],[-94.908961,29.945293],[-94.908752,29.945322],[-94.907727,29.945452],[-94.907728,29.945462],[-94.907937,29.947045],[-94.9088,29.953592],[-94.9091,29.955869],[-94.909346,29.957732],[-94.906253,29.958098],[-94.906075,29.958115],[-94.906119,29.958621],[-94.90617,29.959208],[-94.906194,29.959486],[-94.906257,29.96014],[-94.906307,29.960646],[-94.906311,29.960682],[-94.906325,29.960791],[-94.906327,29.960804],[-94.906331,29.960828],[-94.906341,29.960899],[-94.906345,29.960924],[-94.906347,29.960956],[-94.906351,29.961014],[-94.906365,29.961203],[-94.906367,29.961226],[-94.906392,29.961479],[-94.906648,29.963937],[-94.906688,29.964325],[-94.906855,29.965925],[-94.907311,29.970288],[-94.907724,29.974258],[-94.9079,29.975941],[-94.908041,29.977572],[-94.908045,29.97764],[-94.908052,29.977754],[-94.908057,29.977847],[-94.908062,29.977916],[-94.908066,29.977981],[-94.908081,29.978286],[-94.90809,29.978467],[-94.90809,29.978579],[-94.9082,29.978588],[-94.911259,29.978819],[-94.910998,29.979777],[-94.910458,29.981787],[-94.909223,29.986386],[-94.908838,29.987792],[-94.908832,29.987815],[-94.908768,29.98805],[-94.908762,29.988073],[-94.908624,29.988062],[-94.908613,29.988055],[-94.907914,29.98796],[-94.906589,29.987779],[-94.90642,29.987756],[-94.905908,29.987686],[-94.905461,29.988751],[-94.905391,29.988915],[-94.905247,29.989258],[-94.905183,29.989407],[-94.905114,29.989572],[-94.905103,29.989597],[-94.905007,29.989825],[-94.905077,29.989827],[-94.9059,29.989849],[-94.90591,29.989914],[-94.90596,29.990447],[-94.905969,29.990497],[-94.905979,29.990547],[-94.906296,29.990748],[-94.906598,29.99094],[-94.90674,29.991029],[-94.906712,29.991129],[-94.906737,29.991173],[-94.906794,29.991239],[-94.907308,29.99147],[-94.90759,29.991597],[-94.907798,29.991684],[-94.908235,29.991867],[-94.908651,29.992042],[-94.909903,29.992612],[-94.910156,29.992725],[-94.910535,29.99289],[-94.910748,29.992983],[-94.912566,29.993797],[-94.912584,29.993804],[-94.912716,29.99387],[-94.918663,29.996814],[-94.927922,30.001421],[-94.927917,30.000523],[-94.927919,30.000474],[-94.928552,30.000754],[-94.928552,30.000657],[-94.928556,30.000235],[-94.928576,29.997758],[-94.928584,29.996712],[-94.928585,29.996545],[-94.928638,29.996545],[-94.928638,29.996508],[-94.935431,29.996488],[-94.935983,29.996492],[-94.935994,29.997208],[-94.935996,29.997318],[-94.935997,29.997382],[-94.936016,29.997382],[-94.936027,29.997382],[-94.936048,29.997382],[-94.936088,29.997381],[-94.936106,29.997381],[-94.936147,29.997381],[-94.936163,29.997381],[-94.939954,29.99735],[-94.940514,29.997346],[-94.940519,29.998284],[-94.936152,29.99831],[-94.935998,29.998312],[-94.935997,29.998429],[-94.936148,29.998427],[-94.940513,29.998377],[-94.940503,29.999292],[-94.940501,29.999436],[-94.941404,29.999428],[-94.941731,29.999104],[-94.942345,29.998495],[-94.942376,29.998464],[-94.942941,29.997904],[-94.943735,29.997116],[-94.943498,29.995653],[-94.942677,29.995668],[-94.936396,29.99579],[-94.936126,29.995795],[-94.935973,29.99578],[-94.935982,29.994492],[-94.936113,29.994491],[-94.943274,29.994398],[-94.942666,29.990603],[-94.94429,29.990583],[-94.944366,29.996491],[-94.944503,29.996357],[-94.944872,29.995988],[-94.945524,29.995341],[-94.945879,29.994989],[-94.946029,29.99484],[-94.94624,29.994631],[-94.946725,29.99415],[-94.947139,29.993739],[-94.947336,29.993942],[-94.947443,29.994054],[-94.949733,29.99642],[-94.956783,29.991062],[-94.964873,29.984912],[-94.965014,29.985061],[-94.965293,29.985346],[-94.965954,29.98605],[-94.966152,29.985896],[-94.973628,29.980076],[-94.976133,29.978183],[-94.984767,29.97163],[-94.985191,29.972466],[-94.98539,29.972643],[-94.985575,29.972808],[-94.985853,29.973056],[-94.986087,29.973264],[-94.986954,29.973973],[-94.987842,29.974514],[-94.988269,29.974707],[-94.979219,29.981595],[-94.97681,29.983425],[-94.97003,29.988573],[-94.967141,29.990774],[-94.966169,29.989693],[-94.966008,29.989814],[-94.965206,29.990409],[-94.965363,29.99051],[-94.959174,29.99518],[-94.951715,30.000807],[-94.947672,30.003857],[-94.948308,30.004629],[-94.949046,30.005523],[-94.942565,30.010436],[-94.942382,30.010575],[-94.934153,30.016812],[-94.919918,30.027593],[-94.919004,30.028276],[-94.912239,30.032837],[-94.911002,30.033722],[-94.911061,30.039928],[-94.911064,30.040322],[-94.909136,30.040322],[-94.908344,30.040322],[-94.908344,30.040506],[-94.908344,30.041061],[-94.908345,30.041246],[-94.908345,30.041323],[-94.908345,30.041712],[-94.908345,30.043111],[-94.908345,30.04332],[-94.908536,30.043318],[-94.910682,30.043314],[-94.911695,30.043312],[-94.91804,30.043299],[-94.918494,30.043298],[-94.92857,30.043279],[-94.954114,30.04323],[-94.960511,30.043175],[-94.972694,30.043071],[-94.973556,30.043026],[-94.974496,30.042977],[-94.974717,30.042966],[-94.975291,30.042936],[-94.97615,30.042892],[-94.979418,30.042719],[-94.989758,30.042809],[-94.992817,30.042835],[-94.996659,30.042868],[-94.996698,30.045641],[-94.996719,30.045808],[-94.996984,30.045809],[-94.997114,30.045809],[-94.997121,30.045632],[-94.997125,30.042926],[-94.997125,30.042872],[-95.004113,30.042932],[-95.004098,30.04465],[-95.008485,30.044654],[-95.009012,30.044656],[-95.008975,30.045812],[-95.009189,30.045811],[-95.009259,30.045811],[-95.009255,30.045978]]],[[[-94.911105,29.995905],[-94.910958,29.99571],[-94.910984,29.995614],[-94.910229,29.994555],[-94.909239,29.994391],[-94.908975,29.994155],[-94.908845,29.993805],[-94.908797,29.993514],[-94.908562,29.993308],[-94.908128,29.993029],[-94.90794,29.99281],[-94.907827,29.992678],[-94.907821,29.992403],[-94.907734,29.992334],[-94.907628,29.992272],[-94.907599,29.992379],[-94.907235,29.993734],[-94.907113,29.994192],[-94.906258,29.997364],[-94.906144,29.997735],[-94.910796,29.997782],[-94.911164,29.995974],[-94.911105,29.995905]]],[[[-94.908103,30.079464],[-94.908053,30.079383],[-94.907987,30.07931],[-94.907911,30.079243],[-94.907859,30.079206],[-94.907405,30.079159],[-94.907334,30.079153],[-94.90722,30.079076],[-94.907119,30.079037],[-94.907005,30.079021],[-94.906853,30.079026],[-94.906641,30.079057],[-94.906477,30.079131],[-94.90626,30.079302],[-94.90617,30.079332],[-94.906076,30.079347],[-94.906016,30.079371],[-94.905982,30.079411],[-94.905921,30.079412],[-94.905847,30.079365],[-94.905718,30.079263],[-94.905642,30.079203],[-94.905594,30.079178],[-94.905524,30.079177],[-94.905446,30.079207],[-94.905332,30.07924],[-94.905248,30.079253],[-94.9052,30.07923],[-94.905185,30.079179],[-94.905197,30.079124],[-94.905235,30.079058],[-94.90526,30.078995],[-94.905228,30.078942],[-94.905182,30.078933],[-94.905127,30.078943],[-94.905077,30.078927],[-94.905051,30.078888],[-94.905039,30.078839],[-94.905007,30.078828],[-94.905008,30.075778],[-94.905011,30.075678],[-94.905288,30.075641],[-94.905744,30.075592],[-94.906149,30.075575],[-94.906306,30.075572],[-94.906265,30.074799],[-94.903971,30.074748],[-94.894617,30.074674],[-94.892371,30.074658],[-94.892375,30.075069],[-94.89237,30.075914],[-94.892366,30.079601],[-94.900677,30.079589],[-94.903814,30.079585],[-94.903766,30.081581],[-94.90906,30.081484],[-94.908103,30.079464]]],[[[-94.905536,29.924592],[-94.905492,29.924248],[-94.905028,29.924484],[-94.905211,29.924768],[-94.905652,29.925448],[-94.905536,29.924592]]],[[[-94.903146,29.994214],[-94.902246,29.994222],[-94.900523,29.994198],[-94.898555,29.99417],[-94.898548,29.992867],[-94.897929,29.992885],[-94.897906,29.994288],[-94.89785,29.997208],[-94.901799,29.99738],[-94.902709,29.995239],[-94.899339,29.995245],[-94.899339,29.994371],[-94.903086,29.994355],[-94.903146,29.994214]]],[[[-94.905734,29.926055],[-94.906432,29.927123],[-94.906352,29.926532],[-94.905969,29.925936],[-94.905734,29.926055]],[[-94.914207,29.932777],[-94.913418,29.933204],[-94.913196,29.932892],[-94.913985,29.932465],[-94.914207,29.932777]],[[-94.915416,29.934796],[-94.912741,29.936147],[-94.913356,29.937065],[-94.913143,29.937173],[-94.909642,29.938966],[-94.909502,29.938752],[-94.90761,29.935882],[-94.907567,29.935817],[-94.907057,29.93141],[-94.90932,29.934841],[-94.910112,29.934234],[-94.910236,29.934298],[-94.910381,29.934244],[-94.910488,29.934211],[-94.910669,29.934167],[-94.910787,29.934146],[-94.910866,29.934123],[-94.91093,29.934087],[-94.910959,29.934065],[-94.910994,29.934029],[-94.911018,29.933995],[-94.91113,29.933719],[-94.911158,29.93376],[-94.912148,29.935218],[-94.913282,29.934594],[-94.912582,29.933612],[-94.91331,29.933217],[-94.914255,29.934563],[-94.915149,29.934094],[-94.915373,29.934408],[-94.915416,29.934796]]],[[[-95.012532,30.089616],[-95.012507,30.088654],[-95.012507,30.088612],[-95.007846,30.088361],[-95.007862,30.084877],[-95.00745,30.084873],[-95.007463,30.083683],[-95.007475,30.082508],[-95.008394,30.08252],[-95.009105,30.082369],[-95.009214,30.082346],[-95.009832,30.082007],[-95.010424,30.081962],[-95.0113,30.082129],[-95.011684,30.082136],[-95.012115,30.082284],[-95.012482,30.082306],[-95.012482,30.082036],[-95.012482,30.081758],[-95.012482,30.081606],[-95.005864,30.081632],[-95.005864,30.081665],[-95.005863,30.082041],[-95.005859,30.084855],[-95.005854,30.088204],[-95.006701,30.088202],[-95.007845,30.08846],[-95.008194,30.088477],[-95.008165,30.088564],[-95.008161,30.09123],[-95.012524,30.091283],[-95.012531,30.09056],[-95.012517,30.090089],[-95.012532,30.089616]],[[-94.995178,30.097932],[-94.992817,30.097973],[-94.992818,30.09774],[-94.99282,30.097445],[-94.992811,30.096859],[-94.992809,30.096724],[-94.992805,30.096493],[-94.992788,30.095396],[-94.992783,30.095031],[-94.992783,30.095005],[-94.995159,30.094983],[-94.995178,30.097932]],[[-94.999294,30.087575],[-94.998712,30.087565],[-94.998705,30.087357],[-94.998701,30.087216],[-94.999039,30.087219],[-94.999296,30.087222],[-94.999294,30.087575]],[[-95.000963,30.094924],[-94.999847,30.094938],[-94.999863,30.088337],[-94.999868,30.086644],[-94.999872,30.085178],[-94.999875,30.084284],[-94.99988,30.08165],[-95.000649,30.081648],[-95.000641,30.083611],[-95.000621,30.08822],[-95.000989,30.088219],[-95.000963,30.094924]],[[-95.002686,30.094902],[-95.00213,30.094909],[-95.002155,30.088216],[-95.002711,30.088214],[-95.002686,30.094902]],[[-95.003275,30.086575],[-95.00216,30.086573],[-95.002166,30.084906],[-95.00328,30.084905],[-95.003275,30.086575]],[[-95.005021,30.091496],[-95.004432,30.0915],[-95.004418,30.089537],[-95.00502,30.089536],[-95.005021,30.091496]],[[-95.005022,30.094872],[-95.004402,30.09488],[-95.004406,30.093442],[-95.005022,30.093435],[-95.005022,30.094872]],[[-95.019152,30.088218],[-95.016821,30.090691],[-95.016307,30.09132],[-95.013923,30.094237],[-95.012442,30.094937],[-95.011353,30.095395],[-95.01119,30.095468],[-95.007613,30.097858],[-95.006599,30.098535],[-95.006597,30.098225],[-95.006608,30.09775],[-95.006584,30.096522],[-95.006581,30.096313],[-95.006573,30.095369],[-95.006584,30.095007],[-95.006599,30.09493],[-95.006644,30.094875],[-95.005556,30.094866],[-95.005571,30.088205],[-95.005584,30.082066],[-95.005585,30.081633],[-95.004019,30.081637],[-95.004019,30.080359],[-95.004929,30.080349],[-95.005908,30.080338],[-95.007236,30.080324],[-95.008703,30.080354],[-95.009949,30.080409],[-95.01103,30.080547],[-95.012196,30.080788],[-95.012478,30.080854],[-95.01282,30.080934],[-95.014178,30.081325],[-95.014759,30.081563],[-95.016153,30.082135],[-95.017091,30.082622],[-95.017318,30.083138],[-95.017526,30.08361],[-95.018023,30.08495],[-95.019062,30.087228],[-95.019507,30.088203],[-95.019152,30.088218]],[[-95.02311,30.094796],[-95.021732,30.094805],[-95.021733,30.093718],[-95.021736,30.092478],[-95.021761,30.092523],[-95.022113,30.093164],[-95.02238,30.093657],[-95.022987,30.094604],[-95.02311,30.094796]],[[-95.026311,30.104255],[-95.026246,30.10605],[-95.026034,30.107941],[-95.025787,30.10935],[-95.025397,30.110918],[-95.02536,30.111066],[-95.02489,30.112581],[-95.02419,30.11438],[-95.023356,30.116136],[-95.022657,30.117392],[-95.021863,30.118672],[-95.021173,30.119662],[-95.019439,30.121606],[-95.018357,30.122555],[-95.017412,30.123311],[-95.012397,30.123273],[-95.012127,30.123277],[-95.011964,30.123343],[-95.011762,30.123468],[-95.011677,30.123612],[-95.011678,30.123854],[-95.01169,30.126429],[-95.01154,30.126486],[-95.0105,30.126777],[-95.00944,30.127009],[-95.008365,30.127181],[-95.007279,30.12729],[-95.005921,30.12734],[-95.003098,30.127344],[-95.001986,30.127346],[-94.999543,30.127349],[-94.999519,30.112831],[-94.999518,30.111903],[-95.006505,30.111918],[-95.00658,30.11184],[-95.00659,30.111798],[-95.006614,30.111039],[-95.006611,30.110914],[-95.006605,30.11062],[-95.006615,30.110149],[-95.006612,30.109786],[-95.006611,30.109517],[-95.006612,30.109468],[-95.006622,30.108957],[-95.006629,30.108753],[-95.006621,30.108292],[-95.006629,30.107813],[-95.006624,30.107334],[-95.006635,30.106855],[-95.006618,30.106381],[-95.006615,30.106029],[-95.006609,30.104932],[-95.00661,30.104777],[-95.006613,30.104462],[-95.006612,30.104446],[-95.006605,30.10398],[-95.006611,30.103453],[-95.006612,30.103441],[-95.0066,30.103123],[-95.006595,30.102784],[-95.006591,30.10242],[-95.006586,30.102056],[-95.006602,30.10177],[-95.006614,30.101586],[-95.006614,30.101433],[-95.006611,30.101315],[-95.006591,30.100368],[-95.009578,30.100387],[-95.010009,30.10039],[-95.012303,30.100408],[-95.011968,30.102219],[-95.011922,30.103324],[-95.01192,30.103944],[-95.011907,30.106853],[-95.014783,30.104518],[-95.019753,30.098961],[-95.02234,30.096069],[-95.023264,30.095035],[-95.02504,30.097805],[-95.025876,30.098759],[-95.026149,30.09907],[-95.026224,30.099155],[-95.026295,30.101239],[-95.026306,30.102581],[-95.026311,30.104255]]]]}},{"type":"Feature","properties":{"local_place_id":"d34e1210-95ec-5371-92cf-69271971259e","display_name":"Cleveland","geoid":"4815436","gnis":"02409482","namelsad":"Cleveland city","lsad":"25","source":"census_tiger_place","source_vintage":"tiger_2024"},"geometry":{"type":"MultiPolygon","coordinates":[[[[-95.174145,30.324573],[-95.17389,30.324117],[-95.172819,30.322208],[-95.171601,30.320037],[-95.170009,30.320427],[-95.169318,30.320591],[-95.168918,30.320686],[-95.167741,30.320965],[-95.166941,30.321159],[-95.165078,30.32161],[-95.165009,30.321627],[-95.164939,30.321644],[-95.163052,30.320576],[-95.162408,30.320211],[-95.162242,30.32012],[-95.160479,30.319149],[-95.158966,30.318317],[-95.157628,30.317573],[-95.156947,30.318219],[-95.156736,30.318311],[-95.156155,30.318976],[-95.15597,30.319159],[-95.155941,30.31917],[-95.15593,30.319177],[-95.155844,30.319207],[-95.155627,30.319343],[-95.155593,30.319388],[-95.155568,30.319418],[-95.155496,30.319476],[-95.155411,30.319572],[-95.155289,30.319634],[-95.155129,30.31969],[-95.155029,30.319756],[-95.15496,30.319833],[-95.154893,30.319863],[-95.15487,30.319874],[-95.154749,30.319903],[-95.154592,30.319888],[-95.15449,30.319918],[-95.154397,30.32003],[-95.154418,30.32014],[-95.154458,30.320262],[-95.154447,30.320305],[-95.154436,30.320332],[-95.154345,30.320422],[-95.154241,30.320501],[-95.154196,30.320541],[-95.154118,30.32075],[-95.154088,30.320924],[-95.154097,30.320972],[-95.15447,30.321821],[-95.155431,30.324003],[-95.157171,30.323548],[-95.157453,30.323481],[-95.157493,30.323473],[-95.158237,30.32328],[-95.159692,30.322902],[-95.159753,30.322886],[-95.159797,30.322875],[-95.160906,30.322605],[-95.16119,30.322536],[-95.161987,30.322346],[-95.162996,30.322105],[-95.163439,30.323682],[-95.163589,30.324217],[-95.165497,30.32401],[-95.165535,30.323975],[-95.166701,30.323841],[-95.167254,30.325664],[-95.167331,30.325794],[-95.167377,30.325877],[-95.167415,30.326027],[-95.16745,30.326159],[-95.167738,30.32611],[-95.169548,30.325698],[-95.174219,30.324704],[-95.174145,30.324573]]],[[[-95.15438,30.328935],[-95.152999,30.325325],[-95.152869,30.324985],[-95.1528,30.324798],[-95.151775,30.32512],[-95.149283,30.325886],[-95.148214,30.326216],[-95.147416,30.326463],[-95.147076,30.326568],[-95.145289,30.327121],[-95.145347,30.327309],[-95.146142,30.327342],[-95.148474,30.327242],[-95.149193,30.330055],[-95.149817,30.329931],[-95.151028,30.329679],[-95.15178,30.329503],[-95.154022,30.329009],[-95.15438,30.328935]]],[[[-95.123387,30.326675],[-95.122934,30.326253],[-95.122621,30.32594],[-95.122313,30.325578],[-95.121972,30.325175],[-95.121663,30.324789],[-95.121384,30.324386],[-95.121026,30.323827],[-95.120718,30.323243],[-95.120446,30.322663],[-95.120146,30.321931],[-95.119546,30.320344],[-95.118859,30.318547],[-95.118674,30.31812],[-95.118505,30.31777],[-95.118329,30.317425],[-95.118127,30.317071],[-95.117815,30.316619],[-95.117564,30.31631],[-95.117177,30.315883],[-95.116922,30.315673],[-95.116437,30.315295],[-95.115912,30.314947],[-95.114858,30.314538],[-95.114414,30.31439],[-95.114028,30.314291],[-95.113608,30.314201],[-95.113049,30.314143],[-95.112449,30.314094],[-95.11184,30.314069],[-95.11153,30.314056],[-95.111197,30.314044],[-95.110823,30.314032],[-95.110672,30.314028],[-95.110138,30.313987],[-95.108534,30.31379],[-95.108074,30.31374],[-95.107457,30.313691],[-95.106422,30.313536],[-95.106294,30.313754],[-95.105927,30.314376],[-95.105881,30.314453],[-95.105599,30.314935],[-95.105552,30.315017],[-95.105249,30.315539],[-95.104495,30.31684],[-95.104897,30.31698],[-95.105152,30.317091],[-95.108313,30.318473],[-95.108931,30.318743],[-95.109117,30.318825],[-95.108855,30.319051],[-95.108263,30.318868],[-95.107334,30.318688],[-95.107172,30.318745],[-95.107071,30.31885],[-95.107029,30.319031],[-95.107131,30.31919],[-95.107263,30.319264],[-95.107722,30.319438],[-95.107738,30.319445],[-95.108419,30.319861],[-95.108434,30.31988],[-95.108528,30.32],[-95.108554,30.320169],[-95.108487,30.320294],[-95.108365,30.320381],[-95.108237,30.32044],[-95.108178,30.320502],[-95.108144,30.320617],[-95.108147,30.320733],[-95.108053,30.320913],[-95.107881,30.32115],[-95.107719,30.321314],[-95.107013,30.322151],[-95.106572,30.322727],[-95.10655,30.322856],[-95.106582,30.322951],[-95.106663,30.323046],[-95.106796,30.323105],[-95.106946,30.323107],[-95.107098,30.323071],[-95.107257,30.323075],[-95.107392,30.323106],[-95.107524,30.323162],[-95.10768,30.323283],[-95.107771,30.323424],[-95.107785,30.323439],[-95.10783,30.323612],[-95.107805,30.323787],[-95.107624,30.324094],[-95.106983,30.325081],[-95.106845,30.325295],[-95.10674,30.325443],[-95.106692,30.325589],[-95.106674,30.32574],[-95.106688,30.325891],[-95.106733,30.326038],[-95.106807,30.326176],[-95.106891,30.326289],[-95.106963,30.326453],[-95.106995,30.326641],[-95.106995,30.32683],[-95.106963,30.327018],[-95.106899,30.3272],[-95.106806,30.327371],[-95.106724,30.327491],[-95.106614,30.327601],[-95.106456,30.327733],[-95.106298,30.327832],[-95.106172,30.32792],[-95.106109,30.328023],[-95.106056,30.328226],[-95.106007,30.328306],[-95.105889,30.328395],[-95.105662,30.32846],[-95.105543,30.328515],[-95.10535,30.328643],[-95.105161,30.3288],[-95.105002,30.328969],[-95.104867,30.329154],[-95.104737,30.329404],[-95.104001,30.329398],[-95.103988,30.329398],[-95.101435,30.329376],[-95.09974,30.329361],[-95.099459,30.329358],[-95.099305,30.329357],[-95.099051,30.329354],[-95.099052,30.329419],[-95.099054,30.32952],[-95.099058,30.329583],[-95.099096,30.330077],[-95.099101,30.330135],[-95.09911,30.330242],[-95.099124,30.330415],[-95.099151,30.330746],[-95.099168,30.330934],[-95.099185,30.331108],[-95.099213,30.33141],[-95.099245,30.331745],[-95.099247,30.331938],[-95.09925,30.332318],[-95.099254,30.332622],[-95.099256,30.332784],[-95.09926,30.333016],[-95.099241,30.33327],[-95.099229,30.333432],[-95.099221,30.333526],[-95.099219,30.33355],[-95.0992,30.333691],[-95.099183,30.333807],[-95.099176,30.333863],[-95.099244,30.333863],[-95.099641,30.333863],[-95.099795,30.333862],[-95.100072,30.33387],[-95.10024,30.333862],[-95.100236,30.333825],[-95.100224,30.333692],[-95.10019,30.33347],[-95.100149,30.333251],[-95.100114,30.333061],[-95.100082,30.332893],[-95.099989,30.332392],[-95.099958,30.332225],[-95.099954,30.332207],[-95.099945,30.332156],[-95.099942,30.332139],[-95.099933,30.332089],[-95.099913,30.331942],[-95.100137,30.33196],[-95.102471,30.332265],[-95.102395,30.333879],[-95.102657,30.333882],[-95.1039,30.333905],[-95.104266,30.333912],[-95.104283,30.333865],[-95.104292,30.333832],[-95.104303,30.333792],[-95.104319,30.333716],[-95.104329,30.333638],[-95.104333,30.333591],[-95.104334,30.333534],[-95.104332,30.333454],[-95.104325,30.333389],[-95.104311,30.333305],[-95.104296,30.333246],[-95.104272,30.333166],[-95.104239,30.333084],[-95.104222,30.333009],[-95.104205,30.332922],[-95.104197,30.332872],[-95.104183,30.332783],[-95.104173,30.332698],[-95.104166,30.332628],[-95.104161,30.332554],[-95.104154,30.332485],[-95.104699,30.332428],[-95.105737,30.332316],[-95.106789,30.332203],[-95.107555,30.33209],[-95.108496,30.331978],[-95.108794,30.33195],[-95.109524,30.331902],[-95.110749,30.331781],[-95.110941,30.331749],[-95.11228,30.331531],[-95.112512,30.331495],[-95.113775,30.331295],[-95.114323,30.331209],[-95.114313,30.331141],[-95.114286,30.330931],[-95.114217,30.330475],[-95.114006,30.328985],[-95.113933,30.328488],[-95.113975,30.328483],[-95.122378,30.327255],[-95.122656,30.327206],[-95.122953,30.327159],[-95.123796,30.327028],[-95.123387,30.326675]]],[[[-95.103701,30.316438],[-95.102059,30.315722],[-95.102778,30.314502],[-95.103353,30.313549],[-95.102376,30.313556],[-95.100597,30.3136],[-95.099204,30.313634],[-95.095925,30.313688],[-95.095769,30.313691],[-95.095273,30.313699],[-95.093069,30.313749],[-95.089426,30.313732],[-95.086193,30.313748],[-95.084874,30.313754],[-95.08424,30.313811],[-95.083747,30.313894],[-95.083237,30.314017],[-95.082628,30.314198],[-95.081929,30.314461],[-95.081403,30.314716],[-95.080967,30.314971],[-95.080178,30.315547],[-95.079636,30.316024],[-95.079471,30.31621],[-95.079453,30.319794],[-95.077762,30.319765],[-95.077515,30.319909],[-95.0773,30.319907],[-95.077029,30.319905],[-95.076691,30.3203],[-95.076379,30.320605],[-95.075976,30.320983],[-95.07496,30.321822],[-95.074351,30.322316],[-95.073727,30.322782],[-95.073365,30.323055],[-95.072827,30.323471],[-95.072825,30.323784],[-95.072819,30.324208],[-95.072805,30.32483],[-95.072789,30.325519],[-95.078643,30.325608],[-95.080402,30.325634],[-95.082842,30.325652],[-95.083151,30.325652],[-95.084278,30.325653],[-95.085652,30.325658],[-95.085625,30.325831],[-95.085624,30.325862],[-95.08561,30.326481],[-95.085606,30.326688],[-95.085604,30.326968],[-95.0856,30.327808],[-95.0856,30.328089],[-95.0856,30.328291],[-95.085603,30.328899],[-95.085604,30.32907],[-95.085604,30.329102],[-95.085604,30.329134],[-95.085604,30.329232],[-95.085604,30.329251],[-95.086676,30.329255],[-95.086678,30.329294],[-95.086679,30.329307],[-95.087179,30.329269],[-95.087458,30.329264],[-95.087781,30.329258],[-95.088948,30.329239],[-95.089802,30.329225],[-95.089931,30.329223],[-95.090584,30.329225],[-95.090803,30.32925],[-95.091084,30.329282],[-95.091138,30.329208],[-95.091176,30.329149],[-95.092244,30.327506],[-95.096953,30.327869],[-95.097132,30.327555],[-95.097361,30.327153],[-95.097379,30.327116],[-95.097642,30.326611],[-95.098111,30.325796],[-95.098363,30.325361],[-95.098508,30.325114],[-95.098745,30.324713],[-95.098952,30.324381],[-95.099105,30.32414],[-95.099122,30.324111],[-95.099154,30.324062],[-95.099176,30.324027],[-95.099194,30.324],[-95.099289,30.323851],[-95.099377,30.323715],[-95.099542,30.323478],[-95.099592,30.323431],[-95.099685,30.323397],[-95.099727,30.323397],[-95.099774,30.323409],[-95.099791,30.32338],[-95.099845,30.323292],[-95.099863,30.323264],[-95.100522,30.322135],[-95.100609,30.321987],[-95.101681,30.32017],[-95.102507,30.318755],[-95.102875,30.318126],[-95.103152,30.317619],[-95.103465,30.317099],[-95.10383,30.316494],[-95.103701,30.316438]],[[-95.200042,30.32682],[-95.200028,30.326975],[-95.200007,30.327131],[-95.199978,30.327285],[-95.199942,30.327438],[-95.199898,30.32759],[-95.199848,30.32774],[-95.19979,30.327888],[-95.199725,30.328034],[-95.199653,30.328177],[-95.199575,30.328318],[-95.19949,30.328456],[-95.199398,30.32859],[-95.1993,30.328722],[-95.199196,30.328849],[-95.199086,30.328973],[-95.19897,30.329093],[-95.198848,30.329208],[-95.197996,30.329193],[-95.193131,30.329092],[-95.191267,30.329055],[-95.182166,30.330325],[-95.181987,30.33035],[-95.181396,30.326643],[-95.181352,30.326361],[-95.175106,30.327827],[-95.169671,30.329103],[-95.169572,30.329126],[-95.167059,30.329725],[-95.167107,30.331589],[-95.167173,30.33287],[-95.167188,30.333036],[-95.167171,30.333441],[-95.167029,30.333846],[-95.166603,30.33467],[-95.166485,30.33491],[-95.16636,30.335386],[-95.16631,30.335956],[-95.166327,30.33625],[-95.166332,30.336346],[-95.164589,30.336365],[-95.163345,30.336371],[-95.162558,30.336365],[-95.162253,30.336285],[-95.159753,30.336307],[-95.158226,30.33632],[-95.158224,30.337346],[-95.158215,30.338223],[-95.157042,30.338224],[-95.155916,30.33822],[-95.147454,30.33819],[-95.145332,30.338189],[-95.138733,30.338187],[-95.1291,30.338129],[-95.121822,30.338131],[-95.120962,30.33813],[-95.120981,30.33734],[-95.121009,30.336147],[-95.119319,30.336547],[-95.110706,30.338373],[-95.109238,30.338752],[-95.107867,30.33925],[-95.100852,30.342075],[-95.097692,30.343413],[-95.096028,30.344101],[-95.095801,30.344195],[-95.090762,30.346282],[-95.090127,30.346545],[-95.090092,30.346559],[-95.090106,30.34674],[-95.090068,30.346752],[-95.09008,30.346989],[-95.090163,30.3488],[-95.090229,30.350231],[-95.09024,30.350447],[-95.090265,30.350947],[-95.090267,30.350979],[-95.090271,30.351126],[-95.090273,30.35116],[-95.090274,30.351196],[-95.090276,30.351239],[-95.090281,30.351339],[-95.090307,30.351895],[-95.090312,30.352103],[-95.090316,30.352316],[-95.090326,30.352734],[-95.090448,30.352735],[-95.090582,30.352736],[-95.091267,30.35274],[-95.091267,30.352813],[-95.091269,30.353368],[-95.091269,30.35356],[-95.091966,30.353549],[-95.091966,30.353563],[-95.091972,30.354395],[-95.092912,30.354396],[-95.092917,30.35529],[-95.092918,30.355321],[-95.091402,30.355364],[-95.091377,30.355364],[-95.090684,30.355376],[-95.090615,30.355376],[-95.09041,30.355379],[-95.090342,30.355381],[-95.090342,30.35547],[-95.090343,30.355504],[-95.090348,30.355737],[-95.09035,30.355827],[-95.090362,30.355968],[-95.090364,30.355989],[-95.090411,30.356263],[-95.090449,30.356383],[-95.090493,30.356518],[-95.090516,30.356575],[-95.090541,30.356635],[-95.090598,30.356743],[-95.090628,30.356799],[-95.090646,30.356827],[-95.0907,30.356913],[-95.090719,30.356942],[-95.090812,30.35706],[-95.091093,30.357417],[-95.091187,30.357536],[-95.091425,30.357828],[-95.091632,30.358082],[-95.09163,30.358217],[-95.09164,30.358923],[-95.090055,30.358927],[-95.089873,30.358928],[-95.089861,30.359771],[-95.09004,30.359772],[-95.092581,30.359791],[-95.092603,30.360117],[-95.092608,30.360224],[-95.092608,30.36054],[-95.092576,30.363491],[-95.092391,30.363491],[-95.09165,30.363495],[-95.09165,30.363614],[-95.091651,30.363702],[-95.091655,30.363966],[-95.091657,30.364055],[-95.091658,30.364332],[-95.091661,30.36477],[-95.091661,30.365164],[-95.091662,30.36533],[-95.091662,30.365442],[-95.091668,30.36547],[-95.091671,30.365484],[-95.091685,30.365534],[-95.091741,30.365574],[-95.091794,30.365584],[-95.09223,30.365581],[-95.093541,30.365575],[-95.093978,30.365574],[-95.093976,30.365658],[-95.093972,30.365913],[-95.093971,30.365999],[-95.09397,30.366087],[-95.093982,30.366578],[-95.093985,30.366937],[-95.09399,30.367423],[-95.09402,30.368144],[-95.094108,30.368512],[-95.094135,30.368589],[-95.094,30.36859],[-95.084739,30.368666],[-95.080377,30.36871],[-95.077366,30.368731],[-95.076851,30.368734],[-95.076859,30.368763],[-95.076967,30.36884],[-95.077062,30.368878],[-95.077151,30.368939],[-95.077201,30.368999],[-95.077208,30.369065],[-95.077182,30.369131],[-95.077049,30.369247],[-95.07703,30.369274],[-95.077024,30.369324],[-95.077049,30.369379],[-95.0771,30.369428],[-95.077271,30.3695],[-95.077309,30.369538],[-95.077335,30.36961],[-95.077276,30.369766],[-95.077221,30.369912],[-95.077221,30.369967],[-95.07724,30.370027],[-95.077284,30.370083],[-95.077443,30.370214],[-95.077502,30.370279],[-95.077531,30.370346],[-95.077538,30.37044],[-95.077525,30.370588],[-95.0775,30.370646],[-95.077436,30.370792],[-95.077408,30.370829],[-95.074369,30.370848],[-95.074102,30.370862],[-95.073994,30.37087],[-95.073056,30.370919],[-95.072875,30.370934],[-95.072517,30.370954],[-95.072181,30.370969],[-95.072144,30.371033],[-95.071653,30.371846],[-95.071249,30.372517],[-95.070223,30.374314],[-95.069753,30.37514],[-95.069615,30.375379],[-95.069205,30.376098],[-95.069068,30.376338],[-95.06742,30.379084],[-95.067319,30.379251],[-95.066126,30.381229],[-95.064162,30.384532],[-95.062737,30.387053],[-95.062647,30.387213],[-95.062177,30.388053],[-95.060797,30.390524],[-95.060512,30.391015],[-95.060194,30.391164],[-95.060067,30.391384],[-95.060246,30.391474],[-95.060506,30.391605],[-95.060133,30.392233],[-95.06011,30.392279],[-95.060065,30.39235],[-95.060013,30.392431],[-95.059772,30.392883],[-95.059676,30.393065],[-95.059408,30.393518],[-95.058978,30.394274],[-95.058624,30.394872],[-95.058046,30.395872],[-95.057026,30.397605],[-95.056709,30.397586],[-95.056476,30.397572],[-95.051841,30.405559],[-95.050921,30.405231],[-95.048845,30.404491],[-95.048828,30.404485],[-95.049157,30.403923],[-95.054355,30.395034],[-95.055247,30.393486],[-95.056383,30.391537],[-95.059488,30.386217],[-95.061118,30.386219],[-95.061986,30.386218],[-95.061992,30.385898],[-95.062028,30.381862],[-95.063962,30.378546],[-95.048762,30.373157],[-95.045898,30.372141],[-95.043036,30.371128],[-95.042413,30.370907],[-95.039365,30.370887],[-95.039365,30.370176],[-95.036335,30.370185],[-95.036587,30.369924],[-95.036875,30.369574],[-95.037144,30.369288],[-95.037241,30.36915],[-95.037328,30.368908],[-95.037391,30.368642],[-95.038287,30.36865],[-95.039367,30.368625],[-95.041838,30.368619],[-95.041941,30.368458],[-95.042135,30.368156],[-95.04451,30.364421],[-95.04382,30.363517],[-95.043027,30.362479],[-95.042759,30.362129],[-95.04272,30.362077],[-95.040975,30.359792],[-95.040945,30.359754],[-95.040551,30.359941],[-95.039723,30.360308],[-95.039197,30.360543],[-95.039017,30.360618],[-95.038857,30.360682],[-95.038693,30.360745],[-95.038694,30.360788],[-95.038695,30.360835],[-95.038699,30.36092],[-95.038701,30.360964],[-95.038414,30.3611],[-95.038306,30.361152],[-95.037482,30.361258],[-95.03729,30.361283],[-95.037167,30.361292],[-95.036952,30.361374],[-95.036125,30.361471],[-95.035473,30.361548],[-95.035382,30.361558],[-95.034907,30.361614],[-95.032072,30.361949],[-95.029994,30.362238],[-95.029519,30.362305],[-95.028798,30.362406],[-95.028202,30.36249],[-95.02751,30.362588],[-95.025434,30.362884],[-95.024743,30.362984],[-95.024518,30.363016],[-95.023844,30.363111],[-95.02362,30.363144],[-95.023495,30.363161],[-95.023123,30.363214],[-95.022999,30.363233],[-95.022535,30.363308],[-95.021569,30.363465],[-95.021144,30.363536],[-95.020749,30.363603],[-95.020681,30.363614],[-95.019009,30.363875],[-95.013992,30.364658],[-95.012713,30.364859],[-95.013987,30.367515],[-95.010914,30.368409],[-95.010783,30.368019],[-95.009863,30.365306],[-95.00982,30.36518],[-95.009446,30.365245],[-95.009279,30.364785],[-95.007521,30.359938],[-95.003747,30.349531],[-95.002983,30.349685],[-95.002808,30.349721],[-95.002802,30.349617],[-95.002688,30.349302],[-95.0026,30.349009],[-95.002459,30.348576],[-95.00215,30.347694],[-95.001179,30.345144],[-95.000703,30.343661],[-95.000658,30.343521],[-95.000613,30.343338],[-95.000591,30.343154],[-95.004607,30.341967],[-95.006743,30.346507],[-95.008251,30.349713],[-95.007682,30.351983],[-95.007343,30.352008],[-95.007672,30.352872],[-95.012136,30.364678],[-95.012283,30.364655],[-95.012289,30.364672],[-95.014479,30.364318],[-95.017589,30.363817],[-95.020695,30.363327],[-95.021094,30.363264],[-95.021454,30.363206],[-95.023272,30.362915],[-95.023257,30.362902],[-95.023241,30.362889],[-95.023208,30.362854],[-95.023186,30.362808],[-95.023175,30.362785],[-95.023018,30.362261],[-95.022903,30.361804],[-95.022876,30.361696],[-95.022564,30.36073],[-95.022296,30.359765],[-95.022051,30.35873],[-95.022042,30.358494],[-95.022036,30.358319],[-95.022076,30.357936],[-95.022095,30.357798],[-95.022168,30.357799],[-95.025486,30.357771],[-95.025461,30.35631],[-95.02541,30.353929],[-95.026079,30.353963],[-95.026245,30.353416],[-95.026372,30.353057],[-95.026496,30.352739],[-95.026695,30.352279],[-95.026943,30.351776],[-95.027135,30.351424],[-95.027307,30.351133],[-95.027508,30.350814],[-95.027672,30.35057],[-95.027515,30.35023],[-95.027364,30.349884],[-95.027212,30.349511],[-95.026973,30.348873],[-95.026642,30.347831],[-95.02646,30.347127],[-95.026309,30.346419],[-95.039388,30.346357],[-95.039387,30.349011],[-95.039685,30.349011],[-95.049188,30.349036],[-95.049394,30.349036],[-95.049201,30.348833],[-95.04893,30.348549],[-95.048717,30.348326],[-95.048503,30.348102],[-95.048564,30.347743],[-95.048445,30.347718],[-95.048185,30.347888],[-95.048014,30.347882],[-95.047815,30.347875],[-95.047681,30.34787],[-95.047522,30.347785],[-95.047446,30.347681],[-95.047389,30.347604],[-95.047318,30.347313],[-95.04726,30.347244],[-95.047242,30.347188],[-95.047193,30.347134],[-95.047193,30.347123],[-95.047215,30.346741],[-95.047185,30.346721],[-95.047159,30.346699],[-95.047136,30.346696],[-95.047022,30.346632],[-95.046762,30.346815],[-95.046608,30.346875],[-95.046539,30.346915],[-95.046409,30.346916],[-95.046248,30.347112],[-95.046162,30.347039],[-95.046113,30.346946],[-95.04609,30.346602],[-95.046003,30.346578],[-95.045999,30.346567],[-95.045968,30.346534],[-95.045917,30.346518],[-95.045828,30.346526],[-95.045789,30.346515],[-95.045667,30.346564],[-95.045634,30.346715],[-95.045568,30.346715],[-95.045536,30.346688],[-95.045539,30.346648],[-95.045477,30.346578],[-95.045344,30.346427],[-95.045236,30.346305],[-95.045464,30.346275],[-95.045285,30.346152],[-95.045202,30.346064],[-95.045187,30.346049],[-95.045032,30.345921],[-95.045025,30.345877],[-95.045041,30.34588],[-95.045067,30.345885],[-95.045175,30.345907],[-95.045207,30.345951],[-95.045216,30.345912],[-95.045503,30.34583],[-95.045531,30.345682],[-95.045479,30.345522],[-95.045479,30.345511],[-95.045467,30.345385],[-95.045329,30.345075],[-95.045321,30.345049],[-95.045258,30.344798],[-95.045213,30.344619],[-95.045149,30.344631],[-95.044904,30.344678],[-95.044483,30.344821],[-95.044269,30.344676],[-95.044161,30.344703],[-95.044041,30.344733],[-95.043867,30.345019],[-95.043703,30.344974],[-95.043571,30.344937],[-95.043533,30.345071],[-95.043521,30.345114],[-95.043441,30.345074],[-95.043436,30.345037],[-95.043426,30.345033],[-95.043413,30.344978],[-95.043421,30.344958],[-95.043406,30.344862],[-95.043043,30.344622],[-95.042994,30.344589],[-95.042751,30.344709],[-95.042684,30.344796],[-95.042646,30.344849],[-95.042367,30.344737],[-95.042159,30.344567],[-95.042046,30.344203],[-95.042139,30.344043],[-95.042172,30.343962],[-95.042278,30.343971],[-95.042351,30.344009],[-95.042508,30.344011],[-95.04251,30.34378],[-95.042301,30.343535],[-95.041972,30.343248],[-95.042108,30.343212],[-95.042168,30.343195],[-95.042628,30.343215],[-95.04261,30.343108],[-95.042572,30.342878],[-95.04225,30.342879],[-95.042077,30.342831],[-95.04216,30.342672],[-95.042208,30.342633],[-95.042325,30.342531],[-95.043021,30.342721],[-95.04328,30.342486],[-95.043284,30.342421],[-95.043287,30.342358],[-95.043305,30.342322],[-95.043299,30.342173],[-95.043301,30.342162],[-95.043551,30.342302],[-95.043783,30.342734],[-95.043921,30.342227],[-95.043959,30.342136],[-95.04401,30.342158],[-95.044253,30.342253],[-95.044583,30.341784],[-95.044587,30.34172],[-95.044599,30.341701],[-95.044612,30.341585],[-95.044631,30.34153],[-95.044631,30.341464],[-95.044516,30.34131],[-95.044523,30.341255],[-95.044561,30.341189],[-95.044593,30.341162],[-95.0446,30.341142],[-95.044457,30.340937],[-95.044498,30.340908],[-95.044517,30.340894],[-95.044688,30.340771],[-95.044877,30.341003],[-95.045077,30.340972],[-95.045204,30.340981],[-95.045322,30.340986],[-95.045456,30.340957],[-95.04525,30.340729],[-95.045151,30.340632],[-95.045015,30.340454],[-95.045282,30.340585],[-95.045406,30.340647],[-95.045423,30.340673],[-95.045474,30.340728],[-95.045512,30.340739],[-95.045559,30.340723],[-95.045626,30.340756],[-95.045846,30.340817],[-95.045925,30.340578],[-95.046265,30.340246],[-95.045822,30.340234],[-95.045799,30.340234],[-95.045345,30.339936],[-95.046072,30.339619],[-95.045851,30.339386],[-95.045717,30.339103],[-95.04564,30.339046],[-95.045601,30.339029],[-95.045525,30.339023],[-95.045315,30.339045],[-95.045272,30.339045],[-95.045075,30.339035],[-95.045261,30.338861],[-95.045397,30.338606],[-95.045353,30.338315],[-95.045604,30.338205],[-95.045659,30.338636],[-95.045861,30.338797],[-95.046095,30.338679],[-95.046265,30.338406],[-95.046283,30.338224],[-95.046251,30.338189],[-95.04612,30.338043],[-95.045936,30.337735],[-95.045966,30.337682],[-95.046048,30.337537],[-95.04656,30.337526],[-95.046963,30.337466],[-95.047356,30.337434],[-95.047442,30.337824],[-95.047685,30.338024],[-95.047972,30.337978],[-95.04837,30.337529],[-95.048338,30.337148],[-95.048358,30.337082],[-95.048352,30.336895],[-95.048352,30.336881],[-95.048467,30.336656],[-95.048438,30.336498],[-95.048423,30.336417],[-95.04826,30.336203],[-95.047624,30.336067],[-95.048118,30.335922],[-95.048065,30.335891],[-95.047953,30.335823],[-95.047754,30.335529],[-95.047756,30.33551],[-95.047763,30.335485],[-95.048156,30.335295],[-95.048108,30.335219],[-95.048054,30.335132],[-95.047711,30.335031],[-95.047847,30.334934],[-95.047852,30.334905],[-95.047997,30.334778],[-95.048011,30.334751],[-95.047992,30.334748],[-95.047932,30.334747],[-95.047453,30.334614],[-95.047347,30.334515],[-95.047361,30.334411],[-95.047461,30.334286],[-95.047518,30.33416],[-95.047512,30.333914],[-95.047542,30.333819],[-95.047701,30.333778],[-95.047938,30.333776],[-95.048098,30.333712],[-95.048116,30.33365],[-95.04814,30.333572],[-95.047749,30.333232],[-95.047648,30.333162],[-95.047416,30.332999],[-95.047363,30.332888],[-95.047396,30.332771],[-95.047399,30.332761],[-95.047506,30.332577],[-95.047498,30.332372],[-95.046724,30.332158],[-95.0466,30.33209],[-95.04643,30.331994],[-95.04631,30.331835],[-95.046304,30.331778],[-95.046287,30.331634],[-95.046457,30.331438],[-95.046514,30.331322],[-95.046459,30.331133],[-95.046279,30.330891],[-95.045965,30.330708],[-95.045835,30.330007],[-95.045817,30.329967],[-95.04576,30.329786],[-95.045545,30.329395],[-95.045348,30.32895],[-95.045319,30.328899],[-95.045278,30.328791],[-95.045259,30.32874],[-95.045199,30.328383],[-95.045162,30.327976],[-95.045215,30.327708],[-95.045222,30.327668],[-95.045359,30.327393],[-95.04555,30.327201],[-95.045683,30.327029],[-95.045822,30.32683],[-95.045811,30.326581],[-95.045779,30.326489],[-95.045712,30.326287],[-95.04529,30.326174],[-95.045105,30.326073],[-95.045057,30.325825],[-95.045183,30.325551],[-95.044917,30.325555],[-95.044718,30.325187],[-95.04407,30.324885],[-95.043797,30.324598],[-95.043828,30.324023],[-95.043763,30.323644],[-95.043642,30.323213],[-95.0434,30.323057],[-95.043371,30.32304],[-95.043223,30.322945],[-95.043018,30.322765],[-95.042865,30.322629],[-95.042854,30.322303],[-95.042964,30.321882],[-95.043289,30.321546],[-95.043362,30.321472],[-95.043537,30.321253],[-95.043672,30.321084],[-95.043723,30.320685],[-95.043721,30.320464],[-95.043718,30.320228],[-95.043656,30.319809],[-95.043563,30.319375],[-95.043502,30.318921],[-95.043351,30.318514],[-95.042981,30.317872],[-95.042801,30.317463],[-95.042395,30.31697],[-95.0421,30.316557],[-95.041798,30.316269],[-95.041588,30.315884],[-95.041429,30.315627],[-95.041394,30.315199],[-95.041381,30.315158],[-95.041362,30.315094],[-95.041221,30.314666],[-95.04119,30.314452],[-95.041158,30.314237],[-95.041007,30.31383],[-95.041,30.313785],[-95.040933,30.31342],[-95.040874,30.313097],[-95.040757,30.312591],[-95.040627,30.312335],[-95.04036,30.311923],[-95.039918,30.311553],[-95.039837,30.311494],[-95.040152,30.311407],[-95.040391,30.311347],[-95.04047,30.311327],[-95.040791,30.311255],[-95.041113,30.311188],[-95.041437,30.311129],[-95.041763,30.311077],[-95.04209,30.311031],[-95.042418,30.310993],[-95.042747,30.310961],[-95.043077,30.310937],[-95.043407,30.310919],[-95.043738,30.310909],[-95.045384,30.310898],[-95.045383,30.311345],[-95.04539,30.316626],[-95.045978,30.316626],[-95.048054,30.316624],[-95.048507,30.316624],[-95.04851,30.317426],[-95.04851,30.320038],[-95.048933,30.320038],[-95.048936,30.323968],[-95.048939,30.325241],[-95.049266,30.32548],[-95.04978,30.325856],[-95.050214,30.326174],[-95.050646,30.326491],[-95.050692,30.326525],[-95.049428,30.327953],[-95.049952,30.328339],[-95.049976,30.328353],[-95.051127,30.327118],[-95.051159,30.327084],[-95.051177,30.327097],[-95.051174,30.327162],[-95.050821,30.333999],[-95.05097,30.333972],[-95.052621,30.334363],[-95.052625,30.333944],[-95.052634,30.332968],[-95.052653,30.332306],[-95.05274,30.329321],[-95.052815,30.32876],[-95.052838,30.328749],[-95.052874,30.328552],[-95.05295,30.328382],[-95.053034,30.328259],[-95.052894,30.328158],[-95.052475,30.327858],[-95.052336,30.327758],[-95.052339,30.327056],[-95.052341,30.326795],[-95.052353,30.325873],[-95.05235,30.325527],[-95.052351,30.325495],[-95.054355,30.325503],[-95.055061,30.325505],[-95.055149,30.325505],[-95.055837,30.325507],[-95.056469,30.325509],[-95.057024,30.325511],[-95.057578,30.325513],[-95.058133,30.325514],[-95.058688,30.325516],[-95.059245,30.325518],[-95.060767,30.325522],[-95.060976,30.325523],[-95.061973,30.325526],[-95.062571,30.325528],[-95.063859,30.325531],[-95.064754,30.325534],[-95.065035,30.325535],[-95.06546,30.325442],[-95.066521,30.325486],[-95.066693,30.325487],[-95.067405,30.325493],[-95.068402,30.325518],[-95.069246,30.325516],[-95.069275,30.325501],[-95.069288,30.325484],[-95.069322,30.325202],[-95.069335,30.324861],[-95.069332,30.324446],[-95.069329,30.324389],[-95.069282,30.323433],[-95.069276,30.323156],[-95.069267,30.32278],[-95.070668,30.322781],[-95.071259,30.322781],[-95.07126,30.322735],[-95.071257,30.321408],[-95.072789,30.321408],[-95.072785,30.321106],[-95.072769,30.319878],[-95.073039,30.319878],[-95.073377,30.319877],[-95.073668,30.319874],[-95.074544,30.319868],[-95.074837,30.319867],[-95.075086,30.319863],[-95.075204,30.319861],[-95.075567,30.319856],[-95.075836,30.319873],[-95.075944,30.31988],[-95.076071,30.31988],[-95.076086,30.31988],[-95.076165,30.319883],[-95.076118,30.314297],[-95.072692,30.314298],[-95.072666,30.31404],[-95.068491,30.314036],[-95.065302,30.315069],[-95.064224,30.314294],[-95.063978,30.314298],[-95.061722,30.314312],[-95.060234,30.31311],[-95.056766,30.310304],[-95.046464,30.301969],[-95.046095,30.301674],[-95.047652,30.301656],[-95.05012,30.301626],[-95.050356,30.301817],[-95.055074,30.305656],[-95.058119,30.308116],[-95.060143,30.309756],[-95.061214,30.310621],[-95.063714,30.312643],[-95.064054,30.312917],[-95.064754,30.312661],[-95.069234,30.311019],[-95.08612,30.311281],[-95.086649,30.311288],[-95.100734,30.311409],[-95.103816,30.311437],[-95.104572,30.311443],[-95.105613,30.309673],[-95.108442,30.304853],[-95.108859,30.304152],[-95.109236,30.303502],[-95.110398,30.301469],[-95.110508,30.301314],[-95.112009,30.299005],[-95.111075,30.299002],[-95.110104,30.298996],[-95.109569,30.298994],[-95.106326,30.29898],[-95.10517,30.298983],[-95.10511,30.298983],[-95.099145,30.299008],[-95.099145,30.298932],[-95.099144,30.295552],[-95.104399,30.295552],[-95.107492,30.295549],[-95.107663,30.295549],[-95.108401,30.295548],[-95.114516,30.295538],[-95.114787,30.295537],[-95.115008,30.29527],[-95.115252,30.294972],[-95.11456,30.294543],[-95.109714,30.291528],[-95.115561,30.291483],[-95.115773,30.291481],[-95.115559,30.291251],[-95.115276,30.290961],[-95.115019,30.290654],[-95.114772,30.290341],[-95.114496,30.290043],[-95.114324,30.289839],[-95.114252,30.28971],[-95.114198,30.289614],[-95.114105,30.289375],[-95.114101,30.28936],[-95.113828,30.289542],[-95.113819,30.289537],[-95.113794,30.289449],[-95.1138,30.289372],[-95.113832,30.289262],[-95.113845,30.289163],[-95.113832,30.289059],[-95.113806,30.28896],[-95.113743,30.288844],[-95.113623,30.28869],[-95.113534,30.288542],[-95.113464,30.288333],[-95.113438,30.288232],[-95.113372,30.288242],[-95.113174,30.288422],[-95.113084,30.288535],[-95.113008,30.288655],[-95.112932,30.288894],[-95.112937,30.289026],[-95.112953,30.28916],[-95.112951,30.28941],[-95.112876,30.289516],[-95.112724,30.289575],[-95.112599,30.289538],[-95.112354,30.289405],[-95.112118,30.289234],[-95.111925,30.289041],[-95.111794,30.288822],[-95.11173,30.28864],[-95.111705,30.288577],[-95.111665,30.288452],[-95.11162,30.28833],[-95.111569,30.28821],[-95.111521,30.28809],[-95.111473,30.28797],[-95.111418,30.287853],[-95.111356,30.28774],[-95.11128,30.287632],[-95.111191,30.287529],[-95.111142,30.287483],[-95.111095,30.287434],[-95.110991,30.287346],[-95.110867,30.287279],[-95.11073,30.287235],[-95.11058,30.287222],[-95.110456,30.287165],[-95.110349,30.287075],[-95.110245,30.286982],[-95.11013,30.286911],[-95.109985,30.286892],[-95.109839,30.286913],[-95.109707,30.286981],[-95.109574,30.287022],[-95.109436,30.287003],[-95.109293,30.286968],[-95.109153,30.286922],[-95.109019,30.286866],[-95.108894,30.286804],[-95.108776,30.286728],[-95.108666,30.286643],[-95.108564,30.28655],[-95.108474,30.286452],[-95.108398,30.286343],[-95.108309,30.286196],[-95.108256,30.286119],[-95.108166,30.286022],[-95.108056,30.285941],[-95.107843,30.285811],[-95.107816,30.285794],[-95.107702,30.285714],[-95.107593,30.285618],[-95.107502,30.28553],[-95.10741,30.285432],[-95.107321,30.285331],[-95.10724,30.285226],[-95.107178,30.28511],[-95.107122,30.284989],[-95.107053,30.28488],[-95.106951,30.284792],[-95.106821,30.284722],[-95.106776,30.284709],[-95.106683,30.284681],[-95.106545,30.284693],[-95.106403,30.284744],[-95.106259,30.284762],[-95.1061,30.284738],[-95.106005,30.284665],[-95.106011,30.284436],[-95.106013,30.284398],[-95.105927,30.28431],[-95.105802,30.284236],[-95.10566,30.28418],[-95.105518,30.284146],[-95.105379,30.284162],[-95.105234,30.284215],[-95.105094,30.284245],[-95.105072,30.284241],[-95.104949,30.284216],[-95.104807,30.284147],[-95.104729,30.28405],[-95.104707,30.283935],[-95.104704,30.283812],[-95.104714,30.283689],[-95.104731,30.28355],[-95.104748,30.283418],[-95.104752,30.283379],[-95.10476,30.28329],[-95.104779,30.283161],[-95.104823,30.282955],[-95.104617,30.28286],[-95.10437,30.282734],[-95.1043,30.282684],[-95.104243,30.282618],[-95.104148,30.282448],[-95.104136,30.282388],[-95.107956,30.282321],[-95.107912,30.280384],[-95.108135,30.280357],[-95.108286,30.28034],[-95.108376,30.280321],[-95.108782,30.280233],[-95.109275,30.280136],[-95.109556,30.280063],[-95.110051,30.279903],[-95.110355,30.279796],[-95.110497,30.279757],[-95.11064,30.279738],[-95.110699,30.279735],[-95.110759,30.279734],[-95.111454,30.279821],[-95.111635,30.279859],[-95.112828,30.280167],[-95.112949,30.280196],[-95.112938,30.28105],[-95.112923,30.282235],[-95.11354,30.282224],[-95.113556,30.282712],[-95.112899,30.283326],[-95.112914,30.283785],[-95.112936,30.284743],[-95.113168,30.284741],[-95.113623,30.284737],[-95.113649,30.285501],[-95.113669,30.286035],[-95.113674,30.286157],[-95.114263,30.285448],[-95.116408,30.282845],[-95.119184,30.284539],[-95.117477,30.286607],[-95.116692,30.287557],[-95.115315,30.289224],[-95.115829,30.28955],[-95.118369,30.291159],[-95.11989,30.292081],[-95.120182,30.292258],[-95.120688,30.292572],[-95.120356,30.293],[-95.118644,30.295093],[-95.118474,30.295307],[-95.118262,30.295574],[-95.118157,30.295704],[-95.118014,30.295878],[-95.116924,30.2972],[-95.116343,30.297905],[-95.115808,30.298553],[-95.115041,30.299483],[-95.114456,30.300196],[-95.11392,30.30091],[-95.113505,30.301507],[-95.112864,30.302483],[-95.112571,30.302968],[-95.112243,30.303555],[-95.111165,30.305394],[-95.11051,30.306539],[-95.109349,30.308544],[-95.10927,30.308678],[-95.10859,30.309839],[-95.108304,30.310329],[-95.107921,30.310981],[-95.107859,30.311086],[-95.107416,30.311841],[-95.107891,30.311833],[-95.110584,30.311832],[-95.111245,30.311832],[-95.112897,30.311832],[-95.113177,30.311291],[-95.11761,30.311248],[-95.117637,30.311295],[-95.120416,30.316212],[-95.124394,30.316167],[-95.12449,30.316167],[-95.124484,30.316323],[-95.124455,30.317055],[-95.124448,30.317261],[-95.12445,30.317335],[-95.124459,30.317742],[-95.124503,30.318787],[-95.124517,30.31977],[-95.124531,30.320676],[-95.124552,30.321488],[-95.124559,30.322467],[-95.124567,30.323369],[-95.12462,30.326477],[-95.124627,30.326914],[-95.133455,30.325619],[-95.133468,30.325103],[-95.133428,30.322676],[-95.133469,30.321721],[-95.132945,30.321725],[-95.132957,30.319622],[-95.132976,30.316051],[-95.134915,30.316024],[-95.134913,30.316001],[-95.134923,30.315878],[-95.134899,30.31419],[-95.134987,30.31419],[-95.134982,30.313826],[-95.137186,30.313803],[-95.1372,30.314854],[-95.137214,30.315877],[-95.137218,30.315982],[-95.138694,30.315955],[-95.138808,30.324293],[-95.138815,30.32483],[-95.146571,30.323689],[-95.150872,30.322323],[-95.151681,30.322055],[-95.151679,30.322023],[-95.151582,30.321933],[-95.151593,30.32186],[-95.151712,30.32182],[-95.151838,30.321824],[-95.151981,30.32175],[-95.151995,30.321696],[-95.151963,30.321564],[-95.151954,30.321454],[-95.151988,30.32139],[-95.151936,30.321279],[-95.151925,30.321224],[-95.15196,30.321132],[-95.152023,30.320975],[-95.15202,30.320893],[-95.152004,30.320799],[-95.15197,30.320695],[-95.151949,30.320579],[-95.15196,30.320476],[-95.151965,30.320323],[-95.15199,30.32017],[-95.152002,30.320017],[-95.152003,30.319837],[-95.15202,30.319706],[-95.152026,30.319548],[-95.152062,30.319439],[-95.152147,30.319365],[-95.152251,30.319286],[-95.152342,30.319196],[-95.152364,30.319125],[-95.152324,30.319004],[-95.152303,30.318894],[-95.152331,30.31884],[-95.152396,30.318782],[-95.152498,30.318752],[-95.152655,30.318767],[-95.152866,30.318697],[-95.152931,30.318622],[-95.153035,30.318554],[-95.153195,30.318498],[-95.153317,30.318436],[-95.153402,30.31834],[-95.153474,30.318282],[-95.153533,30.318207],[-95.153669,30.318129],[-95.15392,30.317983],[-95.153999,30.317903],[-95.154105,30.31777],[-95.154216,30.317653],[-95.154322,30.317524],[-95.154468,30.317371],[-95.154514,30.317323],[-95.154666,30.317164],[-95.154849,30.31708],[-95.154973,30.316969],[-95.154531,30.315832],[-95.15521,30.315224],[-95.156661,30.313892],[-95.157052,30.314234],[-95.159347,30.315812],[-95.159553,30.315954],[-95.159777,30.31581],[-95.164629,30.312696],[-95.165105,30.312258],[-95.165048,30.309739],[-95.164996,30.307465],[-95.167124,30.30931],[-95.170538,30.312269],[-95.173552,30.312273],[-95.173665,30.314735],[-95.174267,30.314732],[-95.178269,30.313481],[-95.178271,30.313783],[-95.178275,30.31436],[-95.178279,30.314908],[-95.178286,30.315732],[-95.178291,30.31636],[-95.178306,30.318399],[-95.179064,30.321244],[-95.1795,30.322882],[-95.179636,30.323391],[-95.179676,30.323543],[-95.18031,30.323409],[-95.18277,30.3226],[-95.183795,30.322226],[-95.184202,30.322093],[-95.18444,30.3264],[-95.192474,30.326536],[-95.192873,30.326467],[-95.196816,30.325785],[-95.198019,30.325577],[-95.198036,30.326637],[-95.200049,30.326663],[-95.200042,30.32682]]],[[[-95.071964,30.361104],[-95.071869,30.359634],[-95.070505,30.359653],[-95.069732,30.359663],[-95.069776,30.362318],[-95.07191,30.362292],[-95.072041,30.36229],[-95.071964,30.361104]]],[[[-95.071699,30.356739],[-95.071643,30.355596],[-95.071451,30.355398],[-95.071135,30.355364],[-95.071135,30.355241],[-95.071132,30.354552],[-95.071138,30.354414],[-95.071151,30.354277],[-95.071129,30.354103],[-95.071093,30.353819],[-95.071048,30.353643],[-95.071023,30.353544],[-95.070921,30.353225],[-95.070871,30.353118],[-95.070833,30.353039],[-95.07036,30.353141],[-95.070294,30.353155],[-95.068463,30.353615],[-95.067206,30.353922],[-95.067641,30.353923],[-95.069741,30.353926],[-95.066227,30.355198],[-95.066432,30.355303],[-95.066601,30.355389],[-95.069191,30.355395],[-95.069214,30.356809],[-95.069214,30.356844],[-95.071706,30.356883],[-95.071699,30.356739]]],[[[-95.068171,30.371331],[-95.065151,30.371355],[-95.065134,30.371167],[-95.065125,30.370878],[-95.065048,30.370839],[-95.064994,30.370766],[-95.06497,30.370698],[-95.06497,30.370403],[-95.06495,30.36874],[-95.064658,30.368741],[-95.062448,30.368757],[-95.062442,30.370956],[-95.062253,30.370957],[-95.056986,30.370947],[-95.052622,30.370933],[-95.050855,30.370928],[-95.051152,30.371033],[-95.052217,30.371411],[-95.065398,30.376084],[-95.066198,30.374726],[-95.06635,30.374453],[-95.068171,30.371331]]],[[[-95.064984,30.354488],[-95.064566,30.354582],[-95.055686,30.356829],[-95.054355,30.357272],[-95.053383,30.357623],[-95.051654,30.358235],[-95.049692,30.360613],[-95.049636,30.361391],[-95.049677,30.361376],[-95.050317,30.36115],[-95.050986,30.360916],[-95.053608,30.359948],[-95.055809,30.359174],[-95.056881,30.358798],[-95.05954,30.357817],[-95.062385,30.356781],[-95.064578,30.355983],[-95.064761,30.355912],[-95.064828,30.355886],[-95.064842,30.355881],[-95.064858,30.355875],[-95.064932,30.355008],[-95.064984,30.354693],[-95.064984,30.354488]]],[[[-95.034766,30.361206],[-95.034096,30.35889],[-95.029409,30.358887],[-95.028743,30.358885],[-95.029484,30.36166],[-95.029493,30.361984],[-95.029496,30.36202],[-95.034813,30.361307],[-95.034766,30.361206]]],[[[-95.171601,30.320037],[-95.172803,30.319743],[-95.172929,30.316333],[-95.169758,30.316317],[-95.171601,30.320037]],[[-95.17241,30.290317],[-95.17238,30.291117],[-95.172347,30.292002],[-95.172365,30.292132],[-95.172374,30.294226],[-95.172399,30.299846],[-95.17032,30.299867],[-95.170334,30.301058],[-95.17037,30.304092],[-95.170381,30.304986],[-95.169684,30.305001],[-95.165057,30.305007],[-95.163995,30.305036],[-95.162699,30.302971],[-95.161708,30.301128],[-95.163655,30.301142],[-95.163726,30.299385],[-95.163873,30.299332],[-95.164139,30.299177],[-95.164408,30.299118],[-95.164909,30.299091],[-95.165198,30.299119],[-95.165167,30.298051],[-95.166316,30.297553],[-95.166233,30.294366],[-95.166133,30.286505],[-95.166476,30.28644],[-95.166899,30.286353],[-95.16728,30.286265],[-95.169223,30.285828],[-95.170491,30.287449],[-95.170839,30.287904],[-95.171112,30.288349],[-95.171356,30.288695],[-95.171585,30.288968],[-95.172408,30.289701],[-95.172508,30.289809],[-95.17241,30.290317]]]]}},{"type":"Feature","properties":{"local_place_id":"57b6c1da-0815-5ea9-9202-ec53a86f6c87","display_name":"Livingston","geoid":"4843132","gnis":"02412903","namelsad":"Livingston town","lsad":"43","source":"census_tiger_place","source_vintage":"tiger_2024"},"geometry":{"type":"MultiPolygon","coordinates":[[[[-94.972066,30.72275],[-94.972279,30.71705],[-94.966433,30.716817],[-94.963099,30.716707],[-94.963159,30.715581],[-94.961145,30.715546],[-94.960908,30.715554],[-94.960437,30.715546],[-94.96034,30.715822],[-94.959838,30.715832],[-94.959711,30.715835],[-94.959601,30.715838],[-94.959651,30.715602],[-94.959642,30.715153],[-94.95956,30.714705],[-94.959195,30.714008],[-94.958259,30.712411],[-94.957995,30.711946],[-94.957701,30.711345],[-94.957411,30.710988],[-94.956865,30.710596],[-94.956516,30.710347],[-94.955633,30.709677],[-94.95506,30.709295],[-94.95452,30.708864],[-94.954334,30.708603],[-94.954262,30.708399],[-94.95427,30.708214],[-94.954368,30.708026],[-94.954597,30.707632],[-94.954872,30.707248],[-94.955271,30.70687],[-94.955873,30.706461],[-94.956496,30.705983],[-94.95721,30.705542],[-94.957859,30.705191],[-94.958177,30.704737],[-94.958763,30.703781],[-94.959101,30.703209],[-94.959578,30.702753],[-94.960033,30.702326],[-94.960198,30.702148],[-94.960293,30.701766],[-94.960358,30.701355],[-94.960451,30.700924],[-94.960463,30.700396],[-94.960387,30.69944],[-94.960268,30.698339],[-94.96014,30.697579],[-94.959948,30.697035],[-94.959684,30.696197],[-94.959538,30.695733],[-94.959453,30.695432],[-94.959239,30.694917],[-94.958949,30.69456],[-94.958294,30.694023],[-94.957812,30.693752],[-94.957551,30.693605],[-94.956876,30.693176],[-94.956508,30.692879],[-94.956265,30.692579],[-94.956248,30.692287],[-94.956286,30.691935],[-94.956451,30.691688],[-94.957162,30.691131],[-94.958054,30.690531],[-94.958174,30.690463],[-94.958792,30.69012],[-94.95909,30.689803],[-94.959418,30.689261],[-94.959679,30.688739],[-94.959752,30.688426],[-94.959724,30.688182],[-94.959616,30.687842],[-94.95924,30.687135],[-94.958645,30.685679],[-94.958281,30.685089],[-94.95812,30.684828],[-94.957753,30.684277],[-94.957394,30.683862],[-94.956957,30.683454],[-94.954846,30.683899],[-94.953124,30.683857],[-94.951506,30.683819],[-94.95142,30.683817],[-94.95037,30.683792],[-94.950359,30.683885],[-94.949852,30.683856],[-94.949821,30.683855],[-94.949712,30.683849],[-94.949586,30.683842],[-94.949555,30.683983],[-94.949546,30.684027],[-94.949512,30.684218],[-94.949485,30.684513],[-94.949469,30.685054],[-94.949461,30.685638],[-94.9492,30.686606],[-94.948945,30.686549],[-94.948713,30.686498],[-94.948899,30.685813],[-94.948927,30.685705],[-94.948955,30.685598],[-94.948976,30.6855],[-94.949136,30.684772],[-94.949183,30.684555],[-94.949252,30.68424],[-94.948588,30.684667],[-94.946596,30.685948],[-94.946308,30.686133],[-94.946023,30.686318],[-94.945935,30.68638],[-94.945747,30.686086],[-94.945715,30.686035],[-94.94497,30.686526],[-94.945017,30.686605],[-94.945194,30.686906],[-94.944844,30.687153],[-94.944502,30.687396],[-94.943543,30.688078],[-94.943433,30.688129],[-94.943195,30.688211],[-94.942848,30.68833],[-94.942247,30.688514],[-94.941979,30.688597],[-94.941739,30.688655],[-94.941482,30.68873],[-94.941431,30.688744],[-94.941067,30.688842],[-94.940712,30.688898],[-94.940451,30.688913],[-94.940204,30.688929],[-94.93942,30.688954],[-94.93868,30.688992],[-94.93839,30.689023],[-94.937957,30.689106],[-94.937492,30.689245],[-94.936564,30.689523],[-94.936537,30.689531],[-94.936296,30.689601],[-94.935839,30.689735],[-94.935581,30.689835],[-94.935348,30.689926],[-94.9353,30.689945],[-94.935175,30.689998],[-94.935027,30.690061],[-94.934475,30.690106],[-94.93071,30.690494],[-94.930501,30.690437],[-94.930118,30.690375],[-94.929848,30.690297],[-94.929646,30.690251],[-94.929406,30.690251],[-94.929143,30.690305],[-94.928927,30.690444],[-94.928718,30.690622],[-94.92857,30.690815],[-94.928255,30.690875],[-94.927929,30.690916],[-94.927456,30.690901],[-94.926915,30.690854],[-94.926567,30.690793],[-94.926203,30.690676],[-94.925715,30.690514],[-94.925476,30.690506],[-94.925282,30.690328],[-94.923679,30.689434],[-94.923303,30.688996],[-94.922013,30.68719],[-94.921504,30.686535],[-94.921493,30.686133],[-94.921548,30.685569],[-94.920343,30.685493],[-94.920356,30.684489],[-94.915348,30.684407],[-94.915063,30.683829],[-94.914965,30.683629],[-94.91473,30.683192],[-94.914592,30.682861],[-94.914449,30.682865],[-94.913467,30.682877],[-94.913092,30.682879],[-94.913002,30.682894],[-94.912913,30.682916],[-94.912852,30.682937],[-94.910626,30.683038],[-94.910391,30.683052],[-94.910378,30.683804],[-94.910374,30.683975],[-94.910365,30.684492],[-94.910362,30.684664],[-94.91037,30.685102],[-94.910397,30.686418],[-94.910406,30.686857],[-94.910437,30.68859],[-94.910459,30.689766],[-94.910532,30.693789],[-94.910555,30.695019],[-94.910564,30.695522],[-94.910565,30.695637],[-94.910568,30.695985],[-94.910569,30.696101],[-94.910878,30.696101],[-94.911112,30.696101],[-94.911112,30.696793],[-94.911112,30.697103],[-94.911112,30.697408],[-94.911112,30.698326],[-94.911112,30.698632],[-94.911112,30.69866],[-94.911112,30.698746],[-94.911112,30.698775],[-94.908237,30.698757],[-94.908228,30.700445],[-94.908228,30.700508],[-94.911823,30.70051],[-94.911944,30.704378],[-94.91494,30.704394],[-94.915481,30.704397],[-94.915674,30.704392],[-94.91578,30.707563],[-94.918867,30.70758],[-94.919602,30.707552],[-94.919593,30.708136],[-94.919569,30.709889],[-94.919569,30.709943],[-94.919566,30.710474],[-94.919566,30.710604],[-94.919567,30.710996],[-94.919568,30.711127],[-94.919564,30.711871],[-94.919555,30.714106],[-94.919552,30.714851],[-94.919549,30.714979],[-94.919542,30.715367],[-94.91954,30.715496],[-94.919538,30.716429],[-94.919529,30.71982],[-94.91951,30.721027],[-94.919516,30.721142],[-94.918939,30.721122],[-94.918763,30.721116],[-94.918723,30.721165],[-94.918704,30.72134],[-94.919504,30.72135],[-94.919513,30.721986],[-94.91952,30.722436],[-94.919556,30.724996],[-94.919572,30.726164],[-94.919593,30.727557],[-94.919607,30.729364],[-94.919651,30.734787],[-94.919653,30.734957],[-94.921277,30.734939],[-94.921291,30.734939],[-94.921817,30.734932],[-94.922796,30.734921],[-94.922796,30.735523],[-94.922796,30.736051],[-94.92406,30.736045],[-94.925694,30.736038],[-94.925695,30.736413],[-94.925701,30.736425],[-94.925703,30.736555],[-94.925709,30.736804],[-94.925706,30.736872],[-94.92572,30.736918],[-94.925724,30.736986],[-94.925733,30.73713],[-94.925734,30.737286],[-94.925738,30.737541],[-94.925734,30.737607],[-94.92574,30.73765],[-94.925735,30.737701],[-94.925737,30.737755],[-94.925741,30.737857],[-94.926126,30.737506],[-94.927015,30.738085],[-94.927063,30.738116],[-94.928652,30.736328],[-94.928573,30.736258],[-94.92851,30.736187],[-94.92846,30.736061],[-94.928451,30.736025],[-94.928435,30.735961],[-94.928435,30.735895],[-94.928802,30.735945],[-94.928896,30.735843],[-94.928945,30.735784],[-94.929095,30.735837],[-94.929336,30.735548],[-94.929506,30.735548],[-94.930072,30.735551],[-94.930333,30.735553],[-94.930536,30.735557],[-94.930612,30.735559],[-94.931313,30.735575],[-94.931349,30.735475],[-94.931502,30.735039],[-94.931526,30.734974],[-94.933179,30.735023],[-94.9333,30.735009],[-94.933616,30.735499],[-94.9337,30.735629],[-94.934039,30.736155],[-94.934688,30.736152],[-94.935106,30.736746],[-94.935682,30.736763],[-94.935927,30.7374],[-94.937533,30.737496],[-94.93768,30.73474],[-94.938072,30.734735],[-94.941849,30.73468],[-94.943109,30.734662],[-94.94389,30.73467],[-94.944103,30.738471],[-94.944829,30.738467],[-94.944965,30.738285],[-94.945267,30.738005],[-94.945658,30.737615],[-94.945971,30.737355],[-94.946438,30.737042],[-94.946921,30.73673],[-94.947494,30.736328],[-94.947839,30.735919],[-94.948159,30.735383],[-94.94831,30.734958],[-94.948624,30.734166],[-94.948865,30.73366],[-94.948924,30.733487],[-94.949079,30.733318],[-94.949403,30.733108],[-94.949963,30.732846],[-94.950004,30.732832],[-94.950906,30.732539],[-94.951376,30.732327],[-94.952768,30.731847],[-94.953298,30.73179],[-94.953906,30.731644],[-94.953962,30.731607],[-94.954263,30.731414],[-94.954439,30.731187],[-94.954612,30.730794],[-94.954827,30.730234],[-94.954998,30.729734],[-94.954957,30.729412],[-94.954811,30.728906],[-94.954482,30.728374],[-94.954344,30.728152],[-94.954159,30.727647],[-94.953943,30.72728],[-94.954041,30.72728],[-94.95599,30.72727],[-94.957666,30.727262],[-94.95767,30.725269],[-94.962058,30.725366],[-94.963343,30.725392],[-94.966576,30.725478],[-94.966707,30.724959],[-94.966794,30.724957],[-94.967929,30.725375],[-94.968166,30.72515],[-94.967954,30.724976],[-94.968385,30.724684],[-94.967129,30.723288],[-94.967231,30.723168],[-94.9674,30.72297],[-94.967466,30.722894],[-94.967165,30.722648],[-94.96668,30.722251],[-94.96655,30.72214],[-94.965991,30.721661],[-94.966019,30.721616],[-94.966036,30.721555],[-94.966062,30.721458],[-94.966079,30.721399],[-94.966095,30.721333],[-94.966113,30.721255],[-94.966132,30.721184],[-94.966154,30.721124],[-94.967179,30.7212],[-94.967254,30.719563],[-94.966485,30.719332],[-94.966429,30.719557],[-94.965823,30.719469],[-94.96596,30.71905],[-94.967373,30.719407],[-94.967329,30.720345],[-94.967298,30.721188],[-94.967934,30.721225],[-94.968029,30.721231],[-94.968016,30.72265],[-94.968368,30.72266],[-94.969303,30.722688],[-94.969438,30.722692],[-94.968433,30.723742],[-94.968479,30.723776],[-94.968872,30.724073],[-94.969001,30.724171],[-94.969057,30.724213],[-94.969274,30.724193],[-94.969519,30.724242],[-94.969826,30.724334],[-94.970194,30.724457],[-94.970874,30.724671],[-94.971683,30.724242],[-94.971701,30.722765],[-94.971815,30.722769],[-94.971908,30.722772],[-94.972066,30.72275]]]]}},{"type":"Feature","properties":{"local_place_id":"d75a8e75-9369-563c-af62-82161d9adf27","display_name":"Corrigan","geoid":"4817036","gnis":"02413246","namelsad":"Corrigan town","lsad":"43","source":"census_tiger_place","source_vintage":"tiger_2024"},"geometry":{"type":"MultiPolygon","coordinates":[[[[-94.823092,30.99536],[-94.821863,30.995387],[-94.820803,30.995411],[-94.818866,30.995445],[-94.818214,30.995219],[-94.817053,30.994817],[-94.816006,30.994401],[-94.815536,30.994215],[-94.812826,30.993268],[-94.811764,30.992897],[-94.811581,30.992834],[-94.811034,30.992647],[-94.810852,30.992585],[-94.8107,30.99253],[-94.810516,30.992421],[-94.809822,30.992185],[-94.806673,30.991117],[-94.805624,30.990761],[-94.80526,30.990638],[-94.804916,30.990521],[-94.804897,30.990515],[-94.804829,30.990492],[-94.804761,30.990469],[-94.803643,30.990091],[-94.803297,30.990917],[-94.803091,30.991412],[-94.80329,30.991482],[-94.803979,30.991728],[-94.806049,30.992466],[-94.806739,30.992713],[-94.807438,30.992963],[-94.809536,30.993716],[-94.810236,30.993968],[-94.810396,30.994019],[-94.810878,30.994173],[-94.811039,30.994225],[-94.812032,30.994541],[-94.815011,30.995492],[-94.815628,30.995689],[-94.816003,30.995816],[-94.817291,30.996246],[-94.818083,30.996511],[-94.820886,30.996515],[-94.820951,30.996515],[-94.821325,30.996506],[-94.822684,30.996476],[-94.822916,30.996492],[-94.822903,30.996273],[-94.822903,30.996156],[-94.822906,30.996103],[-94.822909,30.996045],[-94.822903,30.995792],[-94.822898,30.995559],[-94.822951,30.995531],[-94.823009,30.995502],[-94.823084,30.995416],[-94.823092,30.995409],[-94.823092,30.99536]],[[-94.861253,30.99757],[-94.860566,30.99762],[-94.857941,30.99797],[-94.853776,30.99848],[-94.849584,30.998213],[-94.849373,30.996595],[-94.847993,30.996767],[-94.847899,30.99677],[-94.84345,30.996924],[-94.843424,30.996925],[-94.842894,30.996943],[-94.841967,30.996976],[-94.841129,30.997038],[-94.840728,30.997068],[-94.839774,30.997139],[-94.83949,30.99716],[-94.839371,30.997169],[-94.839252,30.997178],[-94.839098,30.997189],[-94.838945,30.9972],[-94.838616,30.997223],[-94.83856,30.997228],[-94.838176,30.997257],[-94.837978,30.997272],[-94.837779,30.997287],[-94.837703,30.997303],[-94.837281,30.997347],[-94.837266,30.997349],[-94.837096,30.997375],[-94.836956,30.997375],[-94.836879,30.997413],[-94.836777,30.997545],[-94.836765,30.99787],[-94.836694,30.997936],[-94.836541,30.997936],[-94.83642,30.997903],[-94.836337,30.997908],[-94.836273,30.997969],[-94.836268,30.998082],[-94.836267,30.998106],[-94.835999,30.998222],[-94.835826,30.998326],[-94.835826,30.998442],[-94.835756,30.99864],[-94.835507,30.998684],[-94.835482,30.998739],[-94.83545,30.998871],[-94.835386,30.999003],[-94.835367,30.999091],[-94.835367,30.999168],[-94.835405,30.999234],[-94.835437,30.999333],[-94.83545,30.999437],[-94.835444,30.999685],[-94.835374,30.999778],[-94.835342,30.999871],[-94.835344,31.000056],[-94.835322,31.000141],[-94.835312,31.000182],[-94.835197,31.000452],[-94.835101,31.000584],[-94.834993,31.000688],[-94.834904,31.00076],[-94.83454,31.000991],[-94.834342,31.001128],[-94.834272,31.001156],[-94.834202,31.001167],[-94.834048,31.001128],[-94.833959,31.001117],[-94.833806,31.001183],[-94.83378,31.001244],[-94.833787,31.001299],[-94.833857,31.00137],[-94.833895,31.001447],[-94.833902,31.001502],[-94.833914,31.001524],[-94.833965,31.001541],[-94.834138,31.00148],[-94.834202,31.001475],[-94.834272,31.001513],[-94.834291,31.001563],[-94.834291,31.001612],[-94.834246,31.001656],[-94.834182,31.001695],[-94.834093,31.001711],[-94.833793,31.001805],[-94.833678,31.001904],[-94.833608,31.002025],[-94.833512,31.002415],[-94.833449,31.00247],[-94.833353,31.002514],[-94.833289,31.002514],[-94.833232,31.002465],[-94.833251,31.00236],[-94.833276,31.002283],[-94.833231,31.002091],[-94.8332,31.002069],[-94.833149,31.002063],[-94.833104,31.002096],[-94.833072,31.002162],[-94.832906,31.002641],[-94.832874,31.002888],[-94.832881,31.00308],[-94.83291,31.003423],[-94.832925,31.003592],[-94.832925,31.003883],[-94.832823,31.004279],[-94.832613,31.004571],[-94.832543,31.004626],[-94.832479,31.004659],[-94.832268,31.004675],[-94.832198,31.004664],[-94.831809,31.004747],[-94.831769,31.00475],[-94.831662,31.004758],[-94.831502,31.004719],[-94.831285,31.004604],[-94.830934,31.004499],[-94.83064,31.004505],[-94.830481,31.004532],[-94.830418,31.004551],[-94.83034,31.004576],[-94.830136,31.004659],[-94.83004,31.004719],[-94.829887,31.004945],[-94.829804,31.005016],[-94.829715,31.005077],[-94.829645,31.00511],[-94.829555,31.005104],[-94.82944,31.00506],[-94.829338,31.004983],[-94.829274,31.004918],[-94.829089,31.004758],[-94.829019,31.004731],[-94.828936,31.004714],[-94.828859,31.00472],[-94.828789,31.004769],[-94.828559,31.004973],[-94.828381,31.005154],[-94.828113,31.005402],[-94.82803,31.005451],[-94.827953,31.005484],[-94.827883,31.005484],[-94.827794,31.005424],[-94.827723,31.005319],[-94.827755,31.004978],[-94.827742,31.004819],[-94.827717,31.004725],[-94.827672,31.004659],[-94.827608,31.00461],[-94.827548,31.004593],[-94.827506,31.004582],[-94.827315,31.004626],[-94.827117,31.004753],[-94.82697,31.004879],[-94.826778,31.005165],[-94.826651,31.00533],[-94.826528,31.005465],[-94.826386,31.006368],[-94.82633,31.006726],[-94.826131,31.007987],[-94.82611,31.008121],[-94.825973,31.009082],[-94.825894,31.009646],[-94.825846,31.009989],[-94.826055,31.009997],[-94.826683,31.010022],[-94.8267,31.010023],[-94.826893,31.010034],[-94.827175,31.01001],[-94.827408,31.009995],[-94.827688,31.009979],[-94.828372,31.009996],[-94.82852,31.010002],[-94.828959,31.01002],[-94.828998,31.010022],[-94.829476,31.010042],[-94.829929,31.01006],[-94.830945,31.010103],[-94.831289,31.010082],[-94.831742,31.010056],[-94.831728,31.010652],[-94.831727,31.010693],[-94.831715,31.011249],[-94.831692,31.012248],[-94.831683,31.012608],[-94.831673,31.013047],[-94.831669,31.013246],[-94.831657,31.013245],[-94.831623,31.013242],[-94.831612,31.013241],[-94.831632,31.014669],[-94.831633,31.014742],[-94.831673,31.016659],[-94.833443,31.016608],[-94.833445,31.016898],[-94.833448,31.016959],[-94.833562,31.018086],[-94.833597,31.018132],[-94.833596,31.018166],[-94.833593,31.018267],[-94.833593,31.018302],[-94.833557,31.022656],[-94.828792,31.021978],[-94.82476,31.021326],[-94.824633,31.022228],[-94.824237,31.022244],[-94.82413,31.022244],[-94.82381,31.022244],[-94.823704,31.022244],[-94.823561,31.022243],[-94.823418,31.022242],[-94.823323,31.022241],[-94.822181,31.022232],[-94.821913,31.02223],[-94.821941,31.022121],[-94.822048,31.021642],[-94.822063,31.021584],[-94.822482,31.019989],[-94.822623,31.019458],[-94.822728,31.019041],[-94.823046,31.017791],[-94.823113,31.017531],[-94.823001,31.017416],[-94.823003,31.017125],[-94.823005,31.016863],[-94.823009,31.016309],[-94.823009,31.016253],[-94.823011,31.016136],[-94.823012,31.015963],[-94.823015,31.01578],[-94.823025,31.015234],[-94.823029,31.015052],[-94.823043,31.014338],[-94.823062,31.013453],[-94.823044,31.012196],[-94.823034,31.011482],[-94.823031,31.010679],[-94.823028,31.009816],[-94.823022,31.00827],[-94.823022,31.00815],[-94.823022,31.008],[-94.823021,31.007849],[-94.82302,31.007658],[-94.82302,31.007468],[-94.823085,31.006547],[-94.82309,31.006472],[-94.823151,31.005626],[-94.823157,31.005532],[-94.82316,31.005454],[-94.823166,31.005382],[-94.823173,31.005309],[-94.823273,31.0039],[-94.823302,31.003487],[-94.823373,31.002492],[-94.823359,31.001805],[-94.823317,30.999746],[-94.823303,30.99906],[-94.823308,30.998617],[-94.823311,30.998358],[-94.823314,30.998186],[-94.823315,30.998119],[-94.823316,30.998052],[-94.823323,30.997532],[-94.822043,30.997528],[-94.821341,30.997527],[-94.820299,30.997546],[-94.81855,30.997585],[-94.818092,30.997489],[-94.815703,30.996989],[-94.810955,30.995152],[-94.81102,30.997395],[-94.811087,30.999645],[-94.81012,30.999357],[-94.808563,30.998895],[-94.807866,30.998689],[-94.807627,30.994553],[-94.80758,30.993724],[-94.806835,30.993455],[-94.806815,30.993466],[-94.806193,30.993242],[-94.804327,30.992572],[-94.803705,30.992349],[-94.803436,30.992252],[-94.803166,30.992155],[-94.802809,30.992027],[-94.801196,30.991448],[-94.800122,30.991062],[-94.799227,30.99074],[-94.798801,30.990584],[-94.798038,30.990312],[-94.794469,30.989043],[-94.793534,30.988711],[-94.793623,30.988456],[-94.793701,30.988292],[-94.793938,30.9878],[-94.794017,30.987637],[-94.794211,30.987221],[-94.794648,30.986293],[-94.794977,30.98641],[-94.795409,30.986564],[-94.795481,30.986589],[-94.795497,30.986595],[-94.795588,30.986402],[-94.795622,30.986333],[-94.796152,30.98521],[-94.796642,30.984174],[-94.799106,30.984929],[-94.800293,30.985294],[-94.8018,30.985756],[-94.805117,30.986773],[-94.804624,30.987932],[-94.804008,30.989384],[-94.804391,30.989521],[-94.805541,30.989933],[-94.805925,30.990071],[-94.807166,30.990497],[-94.810818,30.991751],[-94.810888,30.991779],[-94.812104,30.992276],[-94.813483,30.992768],[-94.816746,30.993935],[-94.81762,30.994247],[-94.819,30.994741],[-94.819778,30.994739],[-94.820787,30.994738],[-94.822113,30.994743],[-94.822892,30.994747],[-94.822958,30.994743],[-94.822961,30.994082],[-94.823007,30.992299],[-94.823006,30.991905],[-94.823006,30.991179],[-94.82301,30.990907],[-94.823026,30.990092],[-94.823031,30.989821],[-94.822918,30.98975],[-94.822867,30.989718],[-94.822765,30.989641],[-94.822677,30.989552],[-94.822618,30.989492],[-94.822525,30.989398],[-94.82251,30.989383],[-94.822408,30.989218],[-94.82221,30.989009],[-94.822146,30.988962],[-94.822076,30.98891],[-94.821966,30.988739],[-94.821871,30.988591],[-94.821827,30.988459],[-94.821859,30.988349],[-94.821961,30.988321],[-94.822605,30.988096],[-94.822794,30.987953],[-94.822803,30.987947],[-94.822893,30.987733],[-94.822816,30.987403],[-94.822959,30.98733],[-94.823001,30.98731],[-94.823097,30.987216],[-94.823282,30.987134],[-94.823349,30.987063],[-94.823397,30.987013],[-94.823447,30.986937],[-94.823479,30.9869],[-94.823575,30.986787],[-94.823773,30.986628],[-94.823913,30.986567],[-94.824048,30.986567],[-94.824188,30.986611],[-94.824345,30.98675],[-94.82445,30.986842],[-94.824641,30.986963],[-94.824737,30.987001],[-94.824794,30.986952],[-94.824785,30.986519],[-94.824781,30.98632],[-94.825018,30.986012],[-94.825062,30.985907],[-94.825081,30.985759],[-94.825062,30.985654],[-94.824947,30.985473],[-94.82496,30.985286],[-94.825107,30.985148],[-94.825132,30.985104],[-94.825087,30.985005],[-94.825024,30.984906],[-94.825024,30.984835],[-94.825113,30.98472],[-94.82519,30.984642],[-94.825381,30.984571],[-94.825151,30.984439],[-94.825062,30.984329],[-94.825062,30.984104],[-94.825145,30.983933],[-94.825151,30.983774],[-94.825004,30.983675],[-94.824991,30.983581],[-94.825017,30.983455],[-94.825017,30.983383],[-94.824953,30.983356],[-94.824806,30.98324],[-94.824806,30.983054],[-94.824857,30.982949],[-94.824991,30.982784],[-94.825068,30.982647],[-94.825074,30.982482],[-94.825061,30.982256],[-94.824972,30.982141],[-94.824953,30.981871],[-94.824946,30.981662],[-94.824991,30.981486],[-94.825023,30.981233],[-94.825022,30.981221],[-94.824997,30.98064],[-94.82524,30.98009],[-94.825495,30.979617],[-94.825578,30.979347],[-94.825621,30.979293],[-94.825757,30.979128],[-94.825942,30.979034],[-94.826165,30.978946],[-94.826291,30.978928],[-94.826359,30.978918],[-94.826432,30.978908],[-94.826572,30.978889],[-94.826637,30.97888],[-94.826786,30.978865],[-94.826816,30.978863],[-94.827026,30.978792],[-94.827288,30.978682],[-94.827385,30.978626],[-94.827524,30.978616],[-94.827601,30.978622],[-94.827688,30.978629],[-94.827716,30.978632],[-94.82785,30.978693],[-94.827927,30.978735],[-94.82799,30.97877],[-94.828007,30.97877],[-94.82827,30.980322],[-94.828288,30.980434],[-94.828532,30.981873],[-94.828974,30.984482],[-94.829134,30.985427],[-94.829416,30.987092],[-94.829741,30.987092],[-94.830716,30.987093],[-94.831042,30.987094],[-94.832281,30.987074],[-94.83583,30.98702],[-94.835822,30.987189],[-94.835769,30.988428],[-94.835767,30.988477],[-94.835764,30.988628],[-94.835763,30.988678],[-94.83579,30.989116],[-94.835872,30.99043],[-94.8359,30.990869],[-94.836085,30.99132],[-94.836143,30.991461],[-94.836172,30.991531],[-94.836126,30.993379],[-94.836111,30.99402],[-94.836115,30.994053],[-94.836748,30.994064],[-94.837186,30.994073],[-94.83737,30.994077],[-94.837386,30.994581],[-94.837386,30.994842],[-94.837384,30.995279],[-94.837385,30.995456],[-94.837388,30.995856],[-94.837655,30.995833],[-94.839744,30.995823],[-94.840222,30.995821],[-94.840521,30.995804],[-94.843477,30.995582],[-94.844075,30.995575],[-94.844197,30.995574],[-94.846003,30.995553],[-94.846698,30.995545],[-94.846756,30.994151],[-94.846784,30.994161],[-94.846899,30.99426],[-94.846988,30.99432],[-94.847072,30.994348],[-94.847129,30.994348],[-94.84725,30.994287],[-94.847282,30.994199],[-94.847256,30.994144],[-94.846848,30.993875],[-94.846771,30.993798],[-94.846695,30.993644],[-94.846637,30.993578],[-94.846586,30.99354],[-94.846465,30.993496],[-94.846364,30.993449],[-94.846203,30.993375],[-94.846203,30.993265],[-94.846292,30.993182],[-94.846477,30.993078],[-94.846656,30.99299],[-94.846796,30.992957],[-94.847109,30.993012],[-94.847192,30.993006],[-94.847237,30.992957],[-94.847262,30.992907],[-94.847218,30.992808],[-94.847211,30.992682],[-94.847039,30.992489],[-94.847026,30.992363],[-94.847051,30.992308],[-94.847128,30.992264],[-94.847217,30.992231],[-94.847443,30.992025],[-94.847556,30.991923],[-94.847549,30.991846],[-94.84753,30.991774],[-94.847153,30.991599],[-94.847166,30.991478],[-94.8473,30.991456],[-94.847415,30.991406],[-94.847466,30.991329],[-94.847498,30.991181],[-94.847555,30.991087],[-94.847721,30.991016],[-94.847862,30.990983],[-94.847951,30.990972],[-94.848072,30.990977],[-94.848276,30.991021],[-94.84857,30.991048],[-94.848653,30.991175],[-94.84873,30.991213],[-94.848768,30.991213],[-94.848857,30.99118],[-94.848934,30.991131],[-94.848961,30.991108],[-94.849119,30.990982],[-94.849176,30.990905],[-94.849221,30.990894],[-94.849272,30.9909],[-94.84938,30.99096],[-94.849483,30.990993],[-94.849674,30.991114],[-94.849802,30.991246],[-94.84991,30.991389],[-94.850064,30.991543],[-94.850191,30.991631],[-94.850287,30.991625],[-94.850484,30.991594],[-94.850498,30.991592],[-94.850619,30.991537],[-94.85076,30.991442],[-94.851251,30.991163],[-94.851391,30.991097],[-94.851461,30.991102],[-94.851576,30.991097],[-94.851623,30.991101],[-94.851806,30.991119],[-94.85194,30.991108],[-94.852026,30.995166],[-94.856447,30.994703],[-94.860944,30.994129],[-94.860988,30.994546],[-94.860992,30.994578],[-94.861253,30.99757]]]]}},{"type":"Feature","properties":{"local_place_id":"1914bd8f-60ea-5d33-b54e-554203422f60","display_name":"Goodrich","geoid":"4830224","gnis":"02410621","namelsad":"Goodrich city","lsad":"25","source":"census_tiger_place","source_vintage":"tiger_2024"},"geometry":{"type":"MultiPolygon","coordinates":[[[[-94.955764,30.602668],[-94.95577,30.601189],[-94.955275,30.601198],[-94.954117,30.601221],[-94.950643,30.601293],[-94.950213,30.601302],[-94.94952,30.601082],[-94.949174,30.60098],[-94.948137,30.600676],[-94.947792,30.600575],[-94.947777,30.60057],[-94.947732,30.600557],[-94.947718,30.600553],[-94.947261,30.600416],[-94.945891,30.600005],[-94.945435,30.599869],[-94.945369,30.599714],[-94.945171,30.599252],[-94.945106,30.599098],[-94.945092,30.599067],[-94.945053,30.598974],[-94.94504,30.598944],[-94.944888,30.598509],[-94.944809,30.598284],[-94.944686,30.597741],[-94.94459,30.597164],[-94.944588,30.597151],[-94.944534,30.596708],[-94.944508,30.597078],[-94.944499,30.597225],[-94.944456,30.597749],[-94.94441,30.598189],[-94.944373,30.598559],[-94.944325,30.598778],[-94.944188,30.599413],[-94.944182,30.599438],[-94.944131,30.599658],[-94.944061,30.599931],[-94.944012,30.600124],[-94.943814,30.600741],[-94.943756,30.600922],[-94.943746,30.600954],[-94.943728,30.60101],[-94.943555,30.601132],[-94.943382,30.601253],[-94.943326,30.601293],[-94.943269,30.601333],[-94.943088,30.60146],[-94.942907,30.601587],[-94.942771,30.601682],[-94.942635,30.601777],[-94.942274,30.602031],[-94.941953,30.602255],[-94.941912,30.602285],[-94.941455,30.602604],[-94.940998,30.602924],[-94.938969,30.60435],[-94.940022,30.605168],[-94.940275,30.605365],[-94.940577,30.605176],[-94.941137,30.605812],[-94.941385,30.606093],[-94.94226,30.607086],[-94.942416,30.607262],[-94.942571,30.607439],[-94.942587,30.6076],[-94.942635,30.608084],[-94.942643,30.608155],[-94.942655,30.608246],[-94.942529,30.608296],[-94.942403,30.608345],[-94.942322,30.608376],[-94.941376,30.608749],[-94.941396,30.608799],[-94.941532,30.60913],[-94.941678,30.609447],[-94.941733,30.609565],[-94.942653,30.609598],[-94.942733,30.609601],[-94.942868,30.6096],[-94.943003,30.6096],[-94.943186,30.610121],[-94.943211,30.610192],[-94.943268,30.610317],[-94.943539,30.610914],[-94.943841,30.611596],[-94.943858,30.611635],[-94.944068,30.612108],[-94.944084,30.61214],[-94.943972,30.612193],[-94.94386,30.612246],[-94.943125,30.612594],[-94.942246,30.613012],[-94.942326,30.613893],[-94.942622,30.61396],[-94.942672,30.614977],[-94.942913,30.614995],[-94.942929,30.615815],[-94.942952,30.616187],[-94.942977,30.616902],[-94.943042,30.618697],[-94.94309,30.620166],[-94.943127,30.621254],[-94.943158,30.621765],[-94.943655,30.621743],[-94.946683,30.62161],[-94.947449,30.621577],[-94.947571,30.621572],[-94.947693,30.621566],[-94.948005,30.621552],[-94.948185,30.621545],[-94.948677,30.621524],[-94.948903,30.621514],[-94.948944,30.621512],[-94.949129,30.621505],[-94.949193,30.621502],[-94.949257,30.6215],[-94.949326,30.621496],[-94.949536,30.621487],[-94.949607,30.621485],[-94.949566,30.620457],[-94.949527,30.620097],[-94.949161,30.616723],[-94.94909,30.615949],[-94.948965,30.614565],[-94.948912,30.613984],[-94.948809,30.612832],[-94.948758,30.612242],[-94.948709,30.611662],[-94.948642,30.610937],[-94.948441,30.608765],[-94.948375,30.608041],[-94.94839,30.607954],[-94.948435,30.607696],[-94.948451,30.60761],[-94.948455,30.607584],[-94.948468,30.607509],[-94.948473,30.607484],[-94.948493,30.607483],[-94.948556,30.607481],[-94.948577,30.607481],[-94.949228,30.607463],[-94.951182,30.607408],[-94.951834,30.607391],[-94.952005,30.607385],[-94.951986,30.607151],[-94.951893,30.605938],[-94.951862,30.605534],[-94.952413,30.605217],[-94.952662,30.605073],[-94.952963,30.6049],[-94.953168,30.604756],[-94.953446,30.604543],[-94.954082,30.603951],[-94.954402,30.603706],[-94.954634,30.603558],[-94.954881,30.603437],[-94.955048,30.603357],[-94.95551,30.60321],[-94.955759,30.603165],[-94.955764,30.602668]]]]}},{"type":"Feature","properties":{"local_place_id":"df5284bd-dc05-5397-b4e9-14fbd75ba1ca","display_name":"Onalaska","geoid":"4854048","gnis":"02411321","namelsad":"Onalaska city","lsad":"25","source":"census_tiger_place","source_vintage":"tiger_2024"},"geometry":{"type":"MultiPolygon","coordinates":[[[[-95.099561,30.799176],[-95.099477,30.799016],[-95.099271,30.798628],[-95.099174,30.798446],[-95.099174,30.798754],[-95.099174,30.799487],[-95.099359,30.799437],[-95.099658,30.799359],[-95.099561,30.799176]],[[-95.156345,30.800068],[-95.151863,30.801787],[-95.148048,30.803187],[-95.147966,30.803214],[-95.144236,30.804634],[-95.133049,30.808894],[-95.130089,30.810021],[-95.12932,30.810315],[-95.128899,30.810475],[-95.128982,30.810855],[-95.129096,30.8108],[-95.129402,30.811432],[-95.129493,30.811568],[-95.129542,30.811641],[-95.12965,30.81202],[-95.129229,30.812103],[-95.128841,30.812251],[-95.129032,30.812515],[-95.129942,30.812337],[-95.130242,30.812279],[-95.130198,30.81196],[-95.130064,30.811614],[-95.130134,30.811575],[-95.130243,30.811575],[-95.130287,30.811922],[-95.130452,30.812312],[-95.130312,30.812466],[-95.130229,30.812433],[-95.130089,30.812438],[-95.129974,30.812576],[-95.129992,30.812917],[-95.130019,30.813401],[-95.130127,30.813808],[-95.13026,30.813918],[-95.130547,30.81394],[-95.130713,30.813918],[-95.130731,30.814217],[-95.129824,30.814212],[-95.129245,30.814212],[-95.127511,30.814212],[-95.126933,30.814213],[-95.126906,30.815517],[-95.12691,30.815783],[-95.126811,30.815782],[-95.122103,30.81575],[-95.122068,30.816046],[-95.121952,30.817054],[-95.121456,30.817084],[-95.121463,30.817282],[-95.121493,30.818083],[-95.12159,30.821041],[-95.121665,30.823176],[-95.121727,30.824977],[-95.121735,30.825206],[-95.122254,30.825212],[-95.12438,30.825236],[-95.125089,30.825244],[-95.125622,30.825189],[-95.125715,30.825194],[-95.125837,30.8252],[-95.125958,30.825202],[-95.12608,30.825199],[-95.128716,30.825208],[-95.129461,30.825203],[-95.129523,30.825201],[-95.129585,30.828028],[-95.129586,30.828079],[-95.129605,30.829124],[-95.129666,30.832412],[-95.129679,30.833084],[-95.129694,30.833509],[-95.129702,30.833894],[-95.129231,30.833875],[-95.129236,30.834063],[-95.129319,30.837197],[-95.129347,30.838242],[-95.129352,30.838445],[-95.129368,30.839054],[-95.129374,30.839257],[-95.129383,30.839511],[-95.129397,30.839899],[-95.129398,30.839927],[-95.129149,30.840172],[-95.128968,30.840351],[-95.124032,30.845005],[-95.123405,30.845596],[-95.121621,30.847278],[-95.119208,30.845287],[-95.119287,30.844882],[-95.120357,30.839391],[-95.11344,30.842284],[-95.112573,30.846037],[-95.112485,30.846422],[-95.107762,30.847367],[-95.108718,30.848282],[-95.107607,30.848281],[-95.106175,30.848264],[-95.104342,30.848243],[-95.104339,30.846674],[-95.10523,30.84665],[-95.106223,30.846624],[-95.106217,30.846185],[-95.106188,30.844837],[-95.106133,30.842148],[-95.105192,30.842176],[-95.105368,30.841802],[-95.105885,30.840711],[-95.105746,30.840693],[-95.103594,30.840621],[-95.10355,30.839831],[-95.105669,30.839053],[-95.105661,30.837809],[-95.105655,30.836758],[-95.103068,30.837701],[-95.103079,30.839649],[-95.10252,30.839703],[-95.101758,30.839776],[-95.101783,30.841206],[-95.102354,30.841189],[-95.102337,30.842266],[-95.098792,30.84223],[-95.09878,30.837578],[-95.098777,30.836629],[-95.098776,30.836596],[-95.098773,30.835037],[-95.102463,30.834949],[-95.103657,30.834903],[-95.103649,30.834755],[-95.103627,30.834312],[-95.10362,30.834165],[-95.104627,30.834172],[-95.106508,30.834187],[-95.106894,30.833112],[-95.106919,30.833043],[-95.107235,30.832164],[-95.10732,30.831927],[-95.107576,30.831216],[-95.107662,30.83098],[-95.107862,30.83016],[-95.108183,30.828852],[-95.108192,30.828814],[-95.108225,30.828742],[-95.108201,30.828485],[-95.108192,30.828386],[-95.107725,30.827855],[-95.107168,30.827222],[-95.10656,30.826695],[-95.105814,30.827492],[-95.105702,30.827613],[-95.105589,30.828058],[-95.105499,30.829357],[-95.105487,30.829403],[-95.105272,30.830233],[-95.104581,30.83006],[-95.104455,30.830366],[-95.10392,30.830291],[-95.1039,30.830009],[-95.10383,30.829021],[-95.103778,30.828264],[-95.102648,30.828385],[-95.102624,30.828416],[-95.102553,30.828511],[-95.10253,30.828543],[-95.102493,30.828592],[-95.102381,30.82874],[-95.10227,30.828777],[-95.10219,30.828833],[-95.101297,30.829127],[-95.100777,30.829298],[-95.100669,30.829334],[-95.100266,30.829466],[-95.100083,30.829527],[-95.099728,30.829644],[-95.099369,30.829762],[-95.099191,30.82982],[-95.099009,30.82988],[-95.098831,30.829939],[-95.098659,30.829996],[-95.098475,30.830056],[-95.098119,30.830174],[-95.097322,30.830436],[-95.097005,30.83054],[-95.095991,30.830874],[-95.095962,30.830883],[-95.09592,30.830897],[-95.094074,30.826298],[-95.094039,30.82621],[-95.09373,30.826206],[-95.093641,30.826058],[-95.093412,30.826036],[-95.093201,30.825893],[-95.092966,30.825673],[-95.092749,30.825536],[-95.092316,30.825074],[-95.092131,30.824733],[-95.091863,30.824392],[-95.091627,30.824217],[-95.091417,30.824129],[-95.091392,30.824068],[-95.09157,30.824052],[-95.091997,30.82431],[-95.092156,30.824497],[-95.092233,30.824722],[-95.092398,30.824799],[-95.092481,30.824667],[-95.092252,30.824249],[-95.092067,30.824079],[-95.092009,30.823881],[-95.09206,30.823727],[-95.092175,30.823535],[-95.092054,30.823397],[-95.091614,30.823144],[-95.091478,30.822946],[-95.091302,30.822688],[-95.091085,30.822622],[-95.09093,30.822689],[-95.09092,30.822694],[-95.090869,30.82287],[-95.090786,30.822914],[-95.090601,30.822804],[-95.090404,30.822826],[-95.090206,30.823024],[-95.089996,30.823436],[-95.089805,30.823662],[-95.089824,30.8237],[-95.089735,30.82381],[-95.08958,30.823932],[-95.089569,30.823942],[-95.089436,30.82392],[-95.089238,30.823997],[-95.089015,30.823981],[-95.088905,30.823929],[-95.088848,30.823902],[-95.088767,30.823865],[-95.088614,30.823679],[-95.088646,30.82347],[-95.088735,30.823321],[-95.089002,30.823156],[-95.089076,30.82308],[-95.090047,30.8221],[-95.090104,30.821737],[-95.090046,30.821457],[-95.089842,30.821133],[-95.089791,30.820869],[-95.08981,30.820643],[-95.089944,30.8205],[-95.089829,30.820291],[-95.089766,30.820094],[-95.089796,30.820065],[-95.089912,30.819956],[-95.089422,30.819874],[-95.089492,30.819742],[-95.089734,30.819791],[-95.089759,30.819725],[-95.08969,30.819695],[-95.089937,30.819318],[-95.09046,30.819294],[-95.090772,30.81928],[-95.091332,30.819164],[-95.091868,30.819043],[-95.092555,30.818784],[-95.092587,30.818746],[-95.092479,30.818724],[-95.091867,30.818845],[-95.091511,30.818917],[-95.090896,30.818993],[-95.09046,30.819021],[-95.090333,30.819003],[-95.089772,30.818928],[-95.089625,30.818813],[-95.089587,30.818494],[-95.089631,30.818312],[-95.089568,30.818076],[-95.089436,30.817941],[-95.0893,30.817801],[-95.089,30.817587],[-95.089121,30.817493],[-95.089185,30.817361],[-95.089344,30.817279],[-95.089567,30.817103],[-95.090268,30.817289],[-95.090969,30.817394],[-95.091077,30.817372],[-95.09116,30.817113],[-95.091102,30.816915],[-95.090765,30.816696],[-95.090574,30.816613],[-95.090535,30.816399],[-95.090605,30.816118],[-95.090669,30.81608],[-95.091077,30.815981],[-95.091077,30.815963],[-95.091189,30.815856],[-95.091376,30.815668],[-95.09172,30.815618],[-95.091933,30.815681],[-95.092171,30.815825],[-95.092252,30.81592],[-95.092762,30.815787],[-95.092837,30.815765],[-95.092964,30.815357],[-95.092926,30.815352],[-95.092815,30.81534],[-95.092778,30.815336],[-95.09279,30.815315],[-95.092827,30.815252],[-95.09284,30.815232],[-95.092885,30.815249],[-95.093038,30.815194],[-95.093038,30.815084],[-95.092961,30.814986],[-95.092943,30.814963],[-95.092955,30.814848],[-95.093178,30.814622],[-95.093153,30.814446],[-95.093025,30.814292],[-95.093006,30.814166],[-95.093133,30.813858],[-95.093135,30.813823],[-95.093146,30.813693],[-95.093261,30.813649],[-95.093436,30.813726],[-95.093522,30.813764],[-95.093993,30.814078],[-95.094121,30.814105],[-95.094229,30.814078],[-95.094331,30.814058],[-95.094376,30.81405],[-95.094446,30.813951],[-95.094395,30.813858],[-95.094407,30.813247],[-95.094343,30.813077],[-95.094337,30.812967],[-95.094496,30.812972],[-95.094528,30.813033],[-95.094751,30.812934],[-95.095655,30.812389],[-95.095956,30.812288],[-95.095967,30.812285],[-95.095961,30.811784],[-95.096012,30.811735],[-95.096429,30.811655],[-95.096676,30.811608],[-95.096845,30.811575],[-95.096872,30.81157],[-95.096857,30.811537],[-95.096808,30.811432],[-95.096642,30.811339],[-95.09591,30.811487],[-95.095843,30.811347],[-95.095731,30.811114],[-95.095796,30.810963],[-95.095859,30.810817],[-95.096075,30.810794],[-95.096381,30.810762],[-95.096273,30.810454],[-95.096018,30.810377],[-95.095789,30.810386],[-95.095763,30.810388],[-95.095776,30.810355],[-95.095954,30.810327],[-95.096023,30.810212],[-95.096035,30.81019],[-95.096075,30.810124],[-95.096096,30.810113],[-95.096093,30.810069],[-95.096084,30.809939],[-95.096082,30.809896],[-95.096068,30.809855],[-95.096113,30.809811],[-95.095947,30.80909],[-95.095979,30.808958],[-95.095909,30.808892],[-95.095781,30.808211],[-95.094819,30.80676],[-95.094742,30.806644],[-95.094488,30.806666],[-95.09408,30.806303],[-95.09387,30.806386],[-95.093615,30.806397],[-95.093456,30.806353],[-95.093354,30.806287],[-95.093309,30.80621],[-95.093646,30.805732],[-95.093799,30.805165],[-95.094347,30.80516],[-95.095079,30.80478],[-95.09541,30.804703],[-95.095614,30.80461],[-95.096404,30.804384],[-95.09662,30.804378],[-95.097366,30.804252],[-95.097531,30.804252],[-95.097582,30.804147],[-95.097538,30.804109],[-95.097658,30.80396],[-95.097735,30.803773],[-95.097767,30.803713],[-95.097569,30.803141],[-95.09727,30.802762],[-95.097238,30.802487],[-95.097358,30.802349],[-95.097492,30.802064],[-95.097537,30.802058],[-95.097575,30.801695],[-95.097696,30.80142],[-95.097505,30.80125],[-95.09746,30.80114],[-95.097387,30.801099],[-95.097371,30.80109],[-95.097294,30.80109],[-95.097123,30.801519],[-95.096804,30.801943],[-95.096155,30.802636],[-95.096072,30.803015],[-95.095945,30.80324],[-95.095779,30.803328],[-95.095658,30.80334],[-95.095429,30.803037],[-95.095452,30.802901],[-95.095658,30.801685],[-95.095662,30.80163],[-95.095689,30.801327],[-95.095836,30.800711],[-95.095612,30.799997],[-95.095472,30.799639],[-95.095459,30.799496],[-95.095491,30.799474],[-95.09509,30.798562],[-95.094817,30.79801],[-95.094796,30.797968],[-95.094497,30.797517],[-95.094312,30.797479],[-95.094312,30.797435],[-95.094665,30.79713],[-95.094732,30.797072],[-95.095019,30.797215],[-95.09509,30.797116],[-95.095363,30.796737],[-95.095458,30.796654],[-95.095159,30.79666],[-95.094465,30.796759],[-95.094236,30.796792],[-95.093938,30.796773],[-95.093732,30.796759],[-95.093494,30.796599],[-95.09342,30.79655],[-95.092586,30.796187],[-95.092369,30.796028],[-95.092278,30.795839],[-95.092274,30.79583],[-95.092057,30.795775],[-95.091879,30.795814],[-95.091808,30.795787],[-95.091675,30.795737],[-95.09139,30.795532],[-95.091032,30.795275],[-95.09077,30.794945],[-95.090573,30.794769],[-95.090375,30.794709],[-95.090445,30.794605],[-95.090439,30.794587],[-95.090382,30.794423],[-95.090496,30.794429],[-95.090667,30.794318],[-95.090885,30.794176],[-95.091407,30.79378],[-95.091598,30.793582],[-95.091674,30.793538],[-95.092031,30.79307],[-95.092339,30.792842],[-95.093039,30.794027],[-95.093101,30.794041],[-95.093452,30.794041],[-95.094139,30.79403],[-95.094178,30.794021],[-95.09425,30.794006],[-95.094467,30.793942],[-95.094544,30.793917],[-95.094914,30.793796],[-95.096026,30.793437],[-95.096397,30.793317],[-95.097078,30.794568],[-95.097368,30.795162],[-95.097449,30.795289],[-95.098062,30.7964],[-95.098044,30.795251],[-95.099667,30.795218],[-95.099775,30.795223],[-95.099815,30.795225],[-95.100048,30.795221],[-95.1001,30.795222],[-95.100209,30.795225],[-95.100729,30.795214],[-95.101936,30.795189],[-95.102289,30.795201],[-95.102576,30.795212],[-95.10281,30.795217],[-95.103,30.795193],[-95.103573,30.795123],[-95.103764,30.7951],[-95.103746,30.795228],[-95.103693,30.795615],[-95.103676,30.795744],[-95.103628,30.795944],[-95.103587,30.796198],[-95.103593,30.796396],[-95.103622,30.797268],[-95.103625,30.798382],[-95.103626,30.798569],[-95.103636,30.798737],[-95.103628,30.799044],[-95.102831,30.799121],[-95.10118,30.799281],[-95.10044,30.799352],[-95.099985,30.799396],[-95.099806,30.799462],[-95.099794,30.799614],[-95.100115,30.80022],[-95.100628,30.801188],[-95.101088,30.802035],[-95.101416,30.802639],[-95.101469,30.802736],[-95.101628,30.803029],[-95.101681,30.803127],[-95.101841,30.803006],[-95.101925,30.802943],[-95.102144,30.802776],[-95.10234,30.802671],[-95.102518,30.802577],[-95.102544,30.802561],[-95.102623,30.802515],[-95.10265,30.8025],[-95.102744,30.802459],[-95.103029,30.802336],[-95.103124,30.802296],[-95.103226,30.802234],[-95.103534,30.80205],[-95.103637,30.801989],[-95.103867,30.80173],[-95.103876,30.801715],[-95.104142,30.801316],[-95.104303,30.800901],[-95.104333,30.800736],[-95.1044,30.800379],[-95.10446,30.800205],[-95.104536,30.80008],[-95.104989,30.799352],[-95.105058,30.799239],[-95.105233,30.798959],[-95.105414,30.798738],[-95.105959,30.798076],[-95.106141,30.797856],[-95.106157,30.79787],[-95.106197,30.797904],[-95.10621,30.79791],[-95.106231,30.79792],[-95.106564,30.798076],[-95.107344,30.798443],[-95.10742,30.798442],[-95.107583,30.798484],[-95.10794,30.798576],[-95.108019,30.798596],[-95.108121,30.798574],[-95.108168,30.798614],[-95.108528,30.79892],[-95.108497,30.798959],[-95.108662,30.799111],[-95.108845,30.79928],[-95.108962,30.799388],[-95.109,30.79936],[-95.109955,30.799624],[-95.109936,30.79969],[-95.110361,30.799793],[-95.110567,30.799843],[-95.11135,30.799794],[-95.111433,30.799881],[-95.111325,30.800013],[-95.11123,30.800299],[-95.111376,30.800354],[-95.111427,30.800277],[-95.111631,30.800239],[-95.112376,30.800629],[-95.112752,30.800398],[-95.112,30.800222],[-95.111484,30.799788],[-95.111465,30.799733],[-95.111529,30.799694],[-95.111729,30.799725],[-95.111847,30.799744],[-95.111828,30.79987],[-95.112994,30.800057],[-95.11327,30.800071],[-95.113414,30.800079],[-95.113567,30.800221],[-95.113352,30.800493],[-95.113147,30.800755],[-95.113294,30.801195],[-95.113166,30.801217],[-95.113122,30.801068],[-95.112822,30.800805],[-95.112555,30.800706],[-95.112351,30.800755],[-95.112421,30.800859],[-95.112491,30.800964],[-95.112523,30.801448],[-95.112471,30.801521],[-95.112434,30.801574],[-95.112265,30.801671],[-95.11221,30.801704],[-95.111619,30.802048],[-95.111475,30.802081],[-95.110969,30.802202],[-95.110651,30.802246],[-95.110766,30.802427],[-95.110931,30.802433],[-95.111161,30.802581],[-95.111097,30.802757],[-95.111314,30.802916],[-95.11139,30.803197],[-95.111397,30.803455],[-95.111843,30.804148],[-95.111843,30.803935],[-95.111843,30.803823],[-95.111792,30.803499],[-95.111855,30.803416],[-95.111947,30.80343],[-95.112157,30.803464],[-95.112163,30.803003],[-95.112164,30.802857],[-95.112169,30.802542],[-95.11217,30.802439],[-95.112172,30.802336],[-95.112176,30.802044],[-95.112428,30.802268],[-95.112673,30.802485],[-95.112742,30.802819],[-95.112798,30.803087],[-95.11311,30.802971],[-95.113378,30.802825],[-95.114184,30.802387],[-95.11434,30.802303],[-95.114247,30.802213],[-95.114642,30.802226],[-95.114842,30.802233],[-95.114899,30.801936],[-95.115288,30.80192],[-95.1153,30.801876],[-95.115551,30.801878],[-95.115948,30.801883],[-95.11647,30.801888],[-95.116695,30.801891],[-95.117746,30.802226],[-95.117949,30.802351],[-95.118394,30.802626],[-95.118589,30.802607],[-95.118673,30.802599],[-95.119024,30.802959],[-95.119161,30.8031],[-95.119581,30.803221],[-95.120199,30.803661],[-95.121429,30.804539],[-95.121831,30.805001],[-95.122462,30.805407],[-95.123044,30.805824],[-95.123558,30.806193],[-95.124028,30.806505],[-95.124361,30.806726],[-95.124444,30.806801],[-95.124438,30.807107],[-95.124787,30.807314],[-95.125665,30.807835],[-95.125518,30.807917],[-95.125665,30.808082],[-95.126359,30.808473],[-95.126817,30.808847],[-95.127394,30.809506],[-95.127428,30.809545],[-95.127798,30.809711],[-95.128167,30.809804],[-95.128552,30.809844],[-95.129294,30.80992],[-95.132432,30.808731],[-95.143939,30.804374],[-95.147775,30.802922],[-95.149382,30.802275],[-95.151583,30.80139],[-95.154206,30.800335],[-95.155391,30.799859],[-95.155584,30.799782],[-95.155777,30.799704],[-95.155815,30.799689],[-95.156141,30.799922],[-95.156204,30.799967],[-95.156328,30.800056],[-95.156345,30.800068]]]]}},{"type":"Feature","properties":{"local_place_id":"d44ba033-63c7-5d3e-a701-9f07b33b78cd","display_name":"Coldspring","geoid":"4815892","gnis":"02410188","namelsad":"Coldspring city","lsad":"25","source":"census_tiger_place","source_vintage":"tiger_2024"},"geometry":{"type":"MultiPolygon","coordinates":[[[[-95.144239,30.571787],[-95.144535,30.571637],[-95.144198,30.571016],[-95.144172,30.570979],[-95.144126,30.57092],[-95.14364,30.570194],[-95.14287,30.570435],[-95.142708,30.57052],[-95.1424,30.57068],[-95.141907,30.571054],[-95.141489,30.571461],[-95.141229,30.571732],[-95.140807,30.572139],[-95.140601,30.572371],[-95.140523,30.572475],[-95.140335,30.572746],[-95.139851,30.573338],[-95.139737,30.573499],[-95.139124,30.574656],[-95.13888,30.575136],[-95.13882,30.575246],[-95.138681,30.575507],[-95.138462,30.575953],[-95.138384,30.576076],[-95.138263,30.576464],[-95.138121,30.576795],[-95.13799,30.577088],[-95.137806,30.577471],[-95.137569,30.578089],[-95.137416,30.578447],[-95.137267,30.578734],[-95.136892,30.579527],[-95.136729,30.580065],[-95.136647,30.580288],[-95.134915,30.580661],[-95.133061,30.581088],[-95.132443,30.581287],[-95.132054,30.581407],[-95.130977,30.58174],[-95.130708,30.581818],[-95.129534,30.582172],[-95.128577,30.582461],[-95.125702,30.576819],[-95.125548,30.576541],[-95.123113,30.576891],[-95.122474,30.576972],[-95.121904,30.577045],[-95.12118,30.577138],[-95.120144,30.577307],[-95.118517,30.577574],[-95.117441,30.577738],[-95.117891,30.578891],[-95.117904,30.578928],[-95.118904,30.581703],[-95.121751,30.589504],[-95.121934,30.589989],[-95.120626,30.590312],[-95.12085,30.591024],[-95.121538,30.59322],[-95.122114,30.595058],[-95.124182,30.600581],[-95.12408,30.60133],[-95.124937,30.60403],[-95.125213,30.603973],[-95.12789,30.603311],[-95.131722,30.602341],[-95.132313,30.602191],[-95.132528,30.602108],[-95.134349,30.601685],[-95.134542,30.601641],[-95.138587,30.600713],[-95.13882,30.600659],[-95.140599,30.600252],[-95.141832,30.599967],[-95.143312,30.599633],[-95.142544,30.597473],[-95.14214,30.596331],[-95.1415,30.594518],[-95.141168,30.593458],[-95.13768,30.58378],[-95.137819,30.583183],[-95.13794,30.582744],[-95.138015,30.582478],[-95.138107,30.582123],[-95.138238,30.581753],[-95.138386,30.581421],[-95.138646,30.58097],[-95.138795,30.580624],[-95.139082,30.580037],[-95.13964,30.578512],[-95.139826,30.577993],[-95.140198,30.577195],[-95.140551,30.576585],[-95.140737,30.576301],[-95.140857,30.576194],[-95.140874,30.576186],[-95.141062,30.576103],[-95.141164,30.575933],[-95.141294,30.575649],[-95.141396,30.575413],[-95.141471,30.575293],[-95.141517,30.575219],[-95.141972,30.574642],[-95.142251,30.574286],[-95.142604,30.573754],[-95.143022,30.573186],[-95.143347,30.57277],[-95.143679,30.572353],[-95.143867,30.572138],[-95.143922,30.572063],[-95.143988,30.571967],[-95.144239,30.571787]]]]}},{"type":"Feature","properties":{"local_place_id":"a008239f-c217-5c7d-9e68-e42ff0ba1582","display_name":"Shepherd","geoid":"4867424","gnis":"02411884","namelsad":"Shepherd city","lsad":"25","source":"census_tiger_place","source_vintage":"tiger_2024"},"geometry":{"type":"MultiPolygon","coordinates":[[[[-95.019103,30.51281],[-95.019055,30.510825],[-95.018923,30.503546],[-95.01892,30.503345],[-95.018932,30.502884],[-95.018981,30.501092],[-95.019079,30.497526],[-95.019085,30.492702],[-95.019083,30.491365],[-95.019078,30.486353],[-95.019077,30.485995],[-95.019077,30.485868],[-95.019077,30.4855],[-95.019067,30.478088],[-95.019066,30.477247],[-95.019066,30.477099],[-95.019068,30.47626],[-95.019081,30.469197],[-95.0173,30.469225],[-95.017113,30.469228],[-95.016706,30.469234],[-95.016146,30.469243],[-95.015969,30.469231],[-95.014766,30.469146],[-95.013809,30.46916],[-95.011353,30.46921],[-95.010169,30.469186],[-95.009145,30.46911],[-95.008117,30.469067],[-95.006968,30.469043],[-95.00335,30.468954],[-95.001814,30.468939],[-95.000211,30.468883],[-94.997011,30.468848],[-94.996641,30.468849],[-94.994261,30.468851],[-94.992278,30.468843],[-94.989608,30.468833],[-94.98876,30.468873],[-94.985122,30.468862],[-94.985146,30.469389],[-94.98513,30.470142],[-94.985116,30.471027],[-94.985149,30.472275],[-94.985147,30.476928],[-94.985151,30.479925],[-94.985157,30.483623],[-94.985211,30.489677],[-94.985213,30.489941],[-94.985228,30.49136],[-94.985194,30.492388],[-94.985209,30.492507],[-94.985284,30.492595],[-94.985405,30.492761],[-94.985223,30.49626],[-94.985147,30.497711],[-94.985138,30.498852],[-94.985136,30.499163],[-94.985128,30.500115],[-94.985136,30.50148],[-94.985156,30.504003],[-94.985159,30.504446],[-94.985162,30.504843],[-94.985146,30.51328],[-94.986004,30.513267],[-94.986682,30.513257],[-94.986838,30.513255],[-94.987109,30.513251],[-94.987605,30.513219],[-94.988463,30.513163],[-94.991235,30.512966],[-94.99512,30.512979],[-95.000263,30.512997],[-95.001535,30.512966],[-95.001937,30.512956],[-95.008328,30.512799],[-95.019103,30.51281]]]]}},{"type":"Feature","properties":{"local_place_id":"33b96f7a-394f-508f-bb97-f53ea282e6a8","display_name":"Groveton","geoid":"4831340","gnis":"02410670","namelsad":"Groveton city","lsad":"25","source":"census_tiger_place","source_vintage":"tiger_2024"},"geometry":{"type":"MultiPolygon","coordinates":[[[[-95.148407,31.057233],[-95.148786,31.056648],[-95.147927,31.056209],[-95.147125,31.055803],[-95.144719,31.054586],[-95.144496,31.054473],[-95.144456,31.054453],[-95.144317,31.054378],[-95.143925,31.054166],[-95.1436,31.054001],[-95.142627,31.053507],[-95.142303,31.053343],[-95.142351,31.053265],[-95.142391,31.053202],[-95.142476,31.053019],[-95.142515,31.052936],[-95.142427,31.052979],[-95.141847,31.052649],[-95.141567,31.05249],[-95.140788,31.052391],[-95.139693,31.051935],[-95.138988,31.051641],[-95.138385,31.051342],[-95.137808,31.051057],[-95.137705,31.051006],[-95.137602,31.050955],[-95.136578,31.050448],[-95.135976,31.050151],[-95.135197,31.049752],[-95.133938,31.049108],[-95.133342,31.0488],[-95.131966,31.048095],[-95.131904,31.048063],[-95.131718,31.047968],[-95.131656,31.047937],[-95.131097,31.047653],[-95.12942,31.046801],[-95.128862,31.046518],[-95.128142,31.046149],[-95.127482,31.045811],[-95.125982,31.045044],[-95.125262,31.044676],[-95.125225,31.044729],[-95.125117,31.044888],[-95.125081,31.044942],[-95.124795,31.044798],[-95.124273,31.044556],[-95.124092,31.044472],[-95.123666,31.044266],[-95.12356,31.044207],[-95.123444,31.04415],[-95.123199,31.044041],[-95.122478,31.043698],[-95.122134,31.04353],[-95.12191,31.043428],[-95.121851,31.043398],[-95.121491,31.04322],[-95.121182,31.043072],[-95.121043,31.043015],[-95.120572,31.043784],[-95.119161,31.046094],[-95.118691,31.046865],[-95.11841,31.047305],[-95.117571,31.048625],[-95.117292,31.049066],[-95.117184,31.04924],[-95.11671,31.04902],[-95.115861,31.048626],[-95.112408,31.047024],[-95.111725,31.047988],[-95.110764,31.049345],[-95.110149,31.050213],[-95.108306,31.052819],[-95.10805,31.053182],[-95.10798,31.053278],[-95.107911,31.053374],[-95.10769,31.053686],[-95.107803,31.053732],[-95.108815,31.054165],[-95.108877,31.054189],[-95.109377,31.054382],[-95.109804,31.054497],[-95.110385,31.054643],[-95.110842,31.054736],[-95.111367,31.054833],[-95.111934,31.054918],[-95.112595,31.054957],[-95.112653,31.054957],[-95.1134,31.054964],[-95.113943,31.054936],[-95.112224,31.057548],[-95.108431,31.063316],[-95.113311,31.065615],[-95.118614,31.068113],[-95.120799,31.069176],[-95.122091,31.069804],[-95.122366,31.069938],[-95.12515,31.065938],[-95.125511,31.065365],[-95.126808,31.063309],[-95.126842,31.063359],[-95.127296,31.063584],[-95.128251,31.064057],[-95.128763,31.064297],[-95.12883,31.064329],[-95.129093,31.064456],[-95.129255,31.064561],[-95.129284,31.064639],[-95.129302,31.064647],[-95.129359,31.064671],[-95.129378,31.064679],[-95.130201,31.065039],[-95.131944,31.065802],[-95.132673,31.066121],[-95.133498,31.066482],[-95.134775,31.067041],[-95.134878,31.067086],[-95.13498,31.067131],[-95.136346,31.067729],[-95.137203,31.068104],[-95.139138,31.065434],[-95.142219,31.066793],[-95.143772,31.06506],[-95.143441,31.064897],[-95.144794,31.062812],[-95.145697,31.061417],[-95.148407,31.057233]]]]}},{"type":"Feature","properties":{"local_place_id":"6e8bfac5-1b0c-531d-be26-f53bef1ecf42","display_name":"Trinity","geoid":"4873664","gnis":"02412096","namelsad":"Trinity city","lsad":"25","source":"census_tiger_place","source_vintage":"tiger_2024"},"geometry":{"type":"MultiPolygon","coordinates":[[[[-95.392004,30.947099],[-95.392012,30.946669],[-95.39187,30.946646],[-95.391444,30.946579],[-95.391302,30.946557],[-95.391093,30.946547],[-95.391059,30.946543],[-95.390411,30.946471],[-95.390334,30.946455],[-95.390203,30.946428],[-95.390099,30.946396],[-95.390045,30.946379],[-95.389875,30.946308],[-95.389812,30.946282],[-95.389624,30.946173],[-95.389261,30.945932],[-95.389061,30.9458],[-95.388878,30.945678],[-95.388329,30.945314],[-95.388147,30.945193],[-95.387991,30.945111],[-95.387746,30.944984],[-95.387589,30.944927],[-95.387507,30.944909],[-95.387401,30.944887],[-95.387334,30.944887],[-95.387284,30.944222],[-95.38745,30.943335],[-95.387671,30.94259],[-95.388114,30.942027],[-95.388127,30.940763],[-95.38835,30.940156],[-95.388479,30.94006],[-95.388754,30.939867],[-95.389022,30.939826],[-95.389185,30.939606],[-95.389055,30.939403],[-95.388932,30.939215],[-95.388712,30.939076],[-95.388321,30.938824],[-95.38811,30.938547],[-95.388294,30.938227],[-95.388544,30.937924],[-95.388552,30.937916],[-95.389231,30.93766],[-95.389664,30.937575],[-95.39005,30.9375],[-95.38999,30.937393],[-95.389741,30.937156],[-95.389607,30.936876],[-95.389639,30.936766],[-95.389869,30.93648],[-95.389888,30.936414],[-95.389901,30.936299],[-95.389863,30.936096],[-95.389824,30.936046],[-95.389391,30.935639],[-95.3892,30.935546],[-95.38904,30.935524],[-95.388664,30.935716],[-95.388498,30.935716],[-95.388351,30.935556],[-95.388345,30.935375],[-95.388384,30.93515],[-95.38853,30.934957],[-95.388581,30.934814],[-95.388569,30.934528],[-95.388607,30.934479],[-95.388856,30.93443],[-95.388907,30.934397],[-95.388926,30.934314],[-95.388913,30.93427],[-95.388869,30.934248],[-95.388633,30.934281],[-95.388588,30.934226],[-95.388582,30.934166],[-95.388639,30.934111],[-95.388894,30.934034],[-95.388996,30.933924],[-95.389107,30.933649],[-95.388631,30.933635],[-95.387205,30.933593],[-95.38673,30.93358],[-95.385629,30.933513],[-95.38233,30.933313],[-95.38123,30.933247],[-95.38116,30.93326],[-95.380953,30.933302],[-95.380884,30.933316],[-95.380609,30.933332],[-95.380218,30.933355],[-95.379785,30.93338],[-95.379594,30.933392],[-95.379511,30.93339],[-95.379116,30.933381],[-95.377932,30.933357],[-95.377538,30.933349],[-95.377604,30.933168],[-95.377641,30.933071],[-95.377962,30.932241],[-95.37807,30.931965],[-95.378212,30.931597],[-95.378639,30.930495],[-95.378725,30.930275],[-95.378778,30.930126],[-95.378979,30.929566],[-95.379085,30.929273],[-95.379339,30.928404],[-95.379472,30.927854],[-95.379613,30.927277],[-95.379642,30.927155],[-95.37968,30.927003],[-95.379712,30.926786],[-95.379731,30.926663],[-95.379775,30.926368],[-95.379849,30.925877],[-95.379874,30.925481],[-95.379893,30.925184],[-95.379951,30.924263],[-95.380072,30.922348],[-95.380059,30.922153],[-95.380035,30.922003],[-95.380028,30.921957],[-95.379972,30.921766],[-95.379866,30.921572],[-95.379847,30.921545],[-95.379737,30.921386],[-95.379605,30.921256],[-95.379258,30.920838],[-95.379101,30.920649],[-95.378955,30.920473],[-95.378741,30.920014],[-95.378638,30.919792],[-95.378551,30.919604],[-95.378379,30.919166],[-95.378027,30.918265],[-95.377568,30.917375],[-95.37754,30.91732],[-95.377338,30.916927],[-95.377309,30.916837],[-95.377243,30.916727],[-95.377188,30.916636],[-95.377173,30.916442],[-95.377134,30.916176],[-95.377048,30.915584],[-95.376969,30.915032],[-95.376534,30.914124],[-95.375853,30.913343],[-95.375379,30.912799],[-95.375235,30.912789],[-95.375156,30.912788],[-95.374922,30.912785],[-95.374844,30.912784],[-95.37472,30.912759],[-95.374623,30.913923],[-95.3743,30.917794],[-95.374193,30.919085],[-95.374021,30.921263],[-95.373991,30.92164],[-95.373842,30.923521],[-95.372047,30.923378],[-95.371749,30.927369],[-95.371559,30.929926],[-95.371317,30.929934],[-95.370593,30.929957],[-95.370352,30.929966],[-95.368758,30.930675],[-95.363976,30.932804],[-95.363026,30.933227],[-95.362383,30.933514],[-95.36181,30.933768],[-95.361498,30.933908],[-95.360882,30.934183],[-95.360879,30.936414],[-95.360878,30.937383],[-95.360877,30.937532],[-95.360877,30.937596],[-95.360877,30.938235],[-95.360877,30.938449],[-95.360876,30.939225],[-95.360873,30.941555],[-95.360873,30.942206],[-95.360873,30.942269],[-95.360873,30.942332],[-95.360873,30.94236],[-95.360872,30.942681],[-95.36087,30.943728],[-95.36087,30.944078],[-95.36087,30.944111],[-95.36087,30.944212],[-95.360871,30.944246],[-95.360869,30.945737],[-95.360869,30.946814],[-95.360868,30.948243],[-95.360868,30.949295],[-95.360781,30.949299],[-95.356818,30.949464],[-95.356787,30.951896],[-95.352859,30.951959],[-95.352829,30.952483],[-95.352811,30.952815],[-95.35117,30.952879],[-95.351045,30.954898],[-95.351019,30.955317],[-95.350989,30.955805],[-95.350216,30.955804],[-95.349796,30.955804],[-95.349368,30.955801],[-95.349162,30.9558],[-95.348955,30.955798],[-95.348717,30.955796],[-95.347642,30.955788],[-95.347648,30.957949],[-95.347652,30.959028],[-95.350815,30.958938],[-95.360305,30.958668],[-95.361412,30.958637],[-95.361444,30.956579],[-95.361451,30.956109],[-95.361462,30.95534],[-95.361502,30.952834],[-95.362708,30.952772],[-95.363765,30.952719],[-95.363945,30.952709],[-95.364091,30.952701],[-95.364528,30.95268],[-95.364675,30.952673],[-95.364783,30.952693],[-95.365113,30.952697],[-95.365224,30.952699],[-95.365222,30.95224],[-95.365219,30.950865],[-95.365218,30.950407],[-95.365217,30.949795],[-95.365217,30.949473],[-95.366727,30.949432],[-95.367338,30.949416],[-95.368511,30.949397],[-95.368508,30.950013],[-95.368514,30.950128],[-95.368507,30.950512],[-95.368504,30.950944],[-95.368496,30.952242],[-95.368494,30.952675],[-95.368959,30.952668],[-95.36919,30.952666],[-95.369395,30.95266],[-95.369778,30.952661],[-95.370355,30.952646],[-95.370371,30.952646],[-95.370821,30.952651],[-95.370809,30.952877],[-95.370774,30.953559],[-95.370763,30.953786],[-95.370729,30.953885],[-95.370666,30.954058],[-95.370393,30.954817],[-95.370357,30.954866],[-95.370187,30.9551],[-95.370085,30.955221],[-95.369534,30.955932],[-95.369397,30.956118],[-95.367333,30.958936],[-95.367107,30.959232],[-95.366751,30.959702],[-95.366429,30.960103],[-95.366316,30.960249],[-95.366177,30.960428],[-95.366121,30.960502],[-95.365766,30.960981],[-95.365554,30.961273],[-95.365484,30.961372],[-95.365382,30.961542],[-95.3652,30.961786],[-95.364653,30.962519],[-95.364472,30.962764],[-95.3648,30.962836],[-95.365786,30.963055],[-95.36586,30.963072],[-95.36612,30.963093],[-95.368393,30.963203],[-95.368641,30.963215],[-95.368738,30.96322],[-95.368835,30.963224],[-95.36895,30.96323],[-95.370016,30.963282],[-95.371056,30.963332],[-95.372452,30.963393],[-95.375214,30.963514],[-95.375263,30.963517],[-95.376666,30.963519],[-95.37676,30.963527],[-95.37679,30.963529],[-95.377489,30.963574],[-95.377557,30.962891],[-95.377531,30.961486],[-95.377463,30.960899],[-95.377256,30.960124],[-95.377032,30.95928],[-95.376973,30.959055],[-95.376874,30.958678],[-95.376797,30.958382],[-95.376739,30.958158],[-95.37678,30.958157],[-95.376907,30.958157],[-95.376949,30.958157],[-95.377123,30.958381],[-95.377271,30.958487],[-95.377481,30.958636],[-95.377616,30.958702],[-95.377755,30.958751],[-95.377862,30.958777],[-95.377898,30.958786],[-95.378043,30.958808],[-95.378143,30.958813],[-95.378191,30.958815],[-95.378338,30.958806],[-95.378409,30.958794],[-95.378487,30.958783],[-95.379195,30.958628],[-95.379457,30.958572],[-95.379561,30.958549],[-95.379628,30.958533],[-95.380144,30.958418],[-95.380316,30.95838],[-95.380441,30.958527],[-95.380562,30.958668],[-95.38065,30.958771],[-95.381031,30.959117],[-95.382194,30.960174],[-95.381132,30.96121],[-95.381159,30.961229],[-95.381991,30.961836],[-95.382037,30.961877],[-95.382175,30.962001],[-95.382222,30.962043],[-95.382553,30.961796],[-95.382632,30.961738],[-95.383519,30.961018],[-95.383841,30.960758],[-95.384073,30.960573],[-95.38427,30.960417],[-95.384766,30.960016],[-95.384997,30.95983],[-95.385151,30.959717],[-95.385613,30.959379],[-95.385768,30.959267],[-95.385546,30.958985],[-95.384883,30.95814],[-95.384662,30.957859],[-95.385448,30.957873],[-95.385469,30.957874],[-95.386638,30.957895],[-95.387123,30.95788],[-95.387139,30.957496],[-95.387151,30.957195],[-95.387186,30.95641],[-95.38722,30.95559],[-95.387326,30.95313],[-95.387359,30.95238],[-95.387352,30.952311],[-95.387332,30.95228],[-95.38728,30.951874],[-95.387666,30.951824],[-95.387852,30.951813],[-95.388051,30.951809],[-95.388254,30.95181],[-95.388671,30.95182],[-95.389101,30.951821],[-95.389278,30.951828],[-95.389643,30.951829],[-95.389719,30.951832],[-95.3902,30.951831],[-95.390462,30.951825],[-95.391229,30.951806],[-95.391624,30.951804],[-95.391927,30.951813],[-95.391976,30.948823],[-95.391983,30.948392],[-95.392004,30.947099]]]]}},{"type":"Feature","properties":{"local_place_id":"e48fe0cb-c8ee-5620-bf75-5cae48bf095f","display_name":"Woodville","geoid":"4880212","gnis":"02413511","namelsad":"Woodville town","lsad":"43","source":"census_tiger_place","source_vintage":"tiger_2024"},"geometry":{"type":"MultiPolygon","coordinates":[[[[-94.440276,30.779567],[-94.440252,30.77846],[-94.440192,30.775679],[-94.440144,30.773426],[-94.440143,30.773237],[-94.440142,30.772714],[-94.440146,30.772671],[-94.440164,30.772484],[-94.440191,30.772129],[-94.44004,30.772175],[-94.439267,30.772415],[-94.439309,30.771687],[-94.43934,30.771175],[-94.439025,30.771332],[-94.438964,30.771363],[-94.438477,30.77158],[-94.438058,30.771748],[-94.437977,30.771782],[-94.437732,30.771877],[-94.43747,30.771967],[-94.437406,30.771988],[-94.437059,30.772109],[-94.436691,30.772248],[-94.436512,30.772317],[-94.436434,30.772348],[-94.436508,30.770726],[-94.436542,30.770007],[-94.436199,30.770017],[-94.436067,30.770017],[-94.435828,30.770029],[-94.435637,30.770077],[-94.435422,30.770208],[-94.435183,30.770399],[-94.435027,30.770531],[-94.434872,30.770638],[-94.434752,30.770722],[-94.434566,30.770789],[-94.434621,30.772407],[-94.434383,30.772403],[-94.43276,30.772382],[-94.431137,30.772375],[-94.431125,30.772375],[-94.431117,30.77121],[-94.431107,30.769884],[-94.431097,30.76798],[-94.432568,30.767964],[-94.432586,30.767331],[-94.432592,30.767127],[-94.432614,30.766518],[-94.432622,30.766315],[-94.432189,30.766311],[-94.432121,30.766311],[-94.430621,30.766321],[-94.430161,30.766325],[-94.430123,30.766335],[-94.430033,30.766335],[-94.429765,30.766335],[-94.429676,30.766335],[-94.4297,30.764873],[-94.429727,30.7632],[-94.429787,30.759609],[-94.426204,30.759561],[-94.42622,30.757345],[-94.426207,30.757338],[-94.426164,30.757317],[-94.423397,30.75595],[-94.423759,30.755718],[-94.424847,30.755025],[-94.425169,30.75482],[-94.425209,30.754793],[-94.425247,30.754766],[-94.425365,30.754685],[-94.425404,30.754659],[-94.424676,30.75426],[-94.423609,30.753675],[-94.423382,30.753675],[-94.420654,30.753683],[-94.420075,30.753684],[-94.419537,30.753687],[-94.419039,30.753688],[-94.41656,30.753694],[-94.415881,30.753696],[-94.414287,30.7537],[-94.414378,30.753878],[-94.41439,30.753972],[-94.414295,30.754092],[-94.414199,30.754241],[-94.414212,30.75434],[-94.414263,30.754384],[-94.414346,30.7544],[-94.414409,30.75445],[-94.414358,30.754533],[-94.414352,30.754577],[-94.414396,30.754621],[-94.414473,30.754621],[-94.414677,30.754533],[-94.41483,30.754527],[-94.414963,30.754544],[-94.415059,30.754511],[-94.415218,30.754346],[-94.415364,30.75428],[-94.415422,30.754285],[-94.41546,30.754307],[-94.415466,30.754357],[-94.415415,30.754461],[-94.415307,30.75461],[-94.415154,30.754775],[-94.415084,30.754874],[-94.415078,30.754912],[-94.415148,30.755006],[-94.415224,30.755083],[-94.415294,30.755127],[-94.415371,30.755138],[-94.415434,30.755132],[-94.415581,30.755044],[-94.415676,30.755011],[-94.415753,30.755017],[-94.415816,30.755061],[-94.415898,30.755103],[-94.415944,30.755127],[-94.416026,30.755116],[-94.416128,30.755121],[-94.416173,30.755132],[-94.416211,30.755193],[-94.416192,30.755281],[-94.416186,30.755396],[-94.416192,30.755462],[-94.416243,30.755517],[-94.416555,30.755649],[-94.416829,30.755803],[-94.416994,30.755902],[-94.417007,30.755974],[-94.416975,30.756023],[-94.416899,30.756056],[-94.416599,30.756128],[-94.416396,30.75626],[-94.4163,30.756375],[-94.416262,30.75654],[-94.416224,30.756612],[-94.41609,30.756634],[-94.415892,30.75665],[-94.415695,30.756694],[-94.415517,30.756898],[-94.415491,30.756985],[-94.415491,30.757062],[-94.415574,30.757194],[-94.415867,30.757409],[-94.415905,30.757503],[-94.415905,30.757596],[-94.41586,30.757657],[-94.415803,30.757673],[-94.415682,30.757662],[-94.415364,30.757354],[-94.415243,30.757255],[-94.41516,30.757238],[-94.415058,30.757277],[-94.415013,30.757304],[-94.415007,30.757381],[-94.415033,30.757475],[-94.415071,30.757524],[-94.415154,30.757563],[-94.415262,30.757656],[-94.415268,30.757744],[-94.415255,30.757827],[-94.415268,30.757893],[-94.415313,30.757986],[-94.41544,30.758041],[-94.415561,30.75803],[-94.415714,30.757904],[-94.415758,30.757893],[-94.415835,30.757937],[-94.415899,30.758003],[-94.415956,30.758141],[-94.415937,30.758239],[-94.415841,30.758322],[-94.415727,30.758349],[-94.415695,30.758393],[-94.415688,30.758454],[-94.415618,30.758514],[-94.415529,30.758553],[-94.415414,30.758564],[-94.415287,30.758553],[-94.415147,30.758465],[-94.41502,30.758322],[-94.414924,30.75819],[-94.414835,30.758151],[-94.41479,30.758179],[-94.414759,30.758223],[-94.414759,30.758289],[-94.41481,30.758382],[-94.414911,30.758465],[-94.41509,30.75869],[-94.415172,30.759097],[-94.415179,30.759317],[-94.415268,30.759477],[-94.415401,30.759587],[-94.41558,30.759658],[-94.415764,30.759691],[-94.415968,30.759708],[-94.416102,30.759708],[-94.416185,30.759735],[-94.416299,30.759856],[-94.416465,30.759977],[-94.416681,30.760082],[-94.416465,30.76017],[-94.416357,30.760225],[-94.416345,30.760227],[-94.416293,30.760241],[-94.416146,30.760236],[-94.416025,30.760192],[-94.41593,30.760192],[-94.415815,30.760236],[-94.41579,30.760318],[-94.415796,30.760384],[-94.415885,30.76045],[-94.416025,30.760483],[-94.416095,30.760549],[-94.416089,30.760588],[-94.416051,30.760654],[-94.415936,30.760747],[-94.415586,30.760978],[-94.415446,30.761088],[-94.415388,30.761094],[-94.415212,30.76119],[-94.415036,30.761286],[-94.414843,30.761327],[-94.41465,30.761368],[-94.414134,30.761264],[-94.414013,30.761258],[-94.413885,30.761269],[-94.413739,30.761308],[-94.413663,30.761385],[-94.413631,30.761462],[-94.413618,30.761539],[-94.413624,30.76162],[-94.412751,30.761647],[-94.412246,30.761664],[-94.410974,30.761704],[-94.410924,30.762541],[-94.410874,30.763413],[-94.410868,30.764318],[-94.410859,30.765955],[-94.410726,30.765964],[-94.40978,30.766028],[-94.409684,30.766035],[-94.408914,30.766285],[-94.408782,30.766563],[-94.409001,30.767392],[-94.409033,30.767512],[-94.409267,30.768151],[-94.409099,30.768562],[-94.40866,30.768891],[-94.408726,30.769793],[-94.408753,30.770156],[-94.408402,30.770411],[-94.408259,30.770516],[-94.4081,30.770919],[-94.408301,30.771437],[-94.408208,30.771437],[-94.408132,30.771448],[-94.408074,30.771492],[-94.408062,30.771613],[-94.408011,30.771783],[-94.40803,30.77197],[-94.4081,30.772113],[-94.408183,30.772185],[-94.408272,30.772223],[-94.408354,30.772245],[-94.408482,30.772328],[-94.408584,30.772432],[-94.408574,30.77253],[-94.408539,30.772922],[-94.408507,30.773081],[-94.408622,30.773543],[-94.408634,30.773664],[-94.408622,30.773758],[-94.408609,30.774181],[-94.408488,30.774937],[-94.408487,30.774946],[-94.408519,30.775501],[-94.408545,30.775584],[-94.408608,30.77571],[-94.408685,30.775793],[-94.408719,30.775885],[-94.408793,30.776084],[-94.408863,30.776425],[-94.408844,30.776744],[-94.408742,30.777156],[-94.408754,30.777283],[-94.40885,30.77758],[-94.408863,30.777651],[-94.408862,30.777877],[-94.408852,30.777923],[-94.408843,30.77797],[-94.408843,30.778042],[-94.408735,30.778113],[-94.408716,30.778289],[-94.408894,30.778652],[-94.409047,30.778834],[-94.409263,30.779015],[-94.409435,30.779087],[-94.409588,30.77918],[-94.409722,30.779411],[-94.409843,30.779555],[-94.410021,30.779599],[-94.41011,30.779643],[-94.410149,30.779709],[-94.410149,30.779736],[-94.410002,30.77989],[-94.409855,30.779978],[-94.409677,30.780066],[-94.409645,30.780192],[-94.40969,30.780335],[-94.409754,30.780374],[-94.409938,30.780379],[-94.409938,30.780434],[-94.409925,30.780484],[-94.409964,30.780555],[-94.410072,30.780588],[-94.410212,30.780566],[-94.410422,30.780594],[-94.410524,30.780594],[-94.410632,30.780561],[-94.410709,30.780512],[-94.410811,30.78049],[-94.410945,30.780523],[-94.41104,30.780561],[-94.411136,30.780622],[-94.411288,30.78066],[-94.411365,30.780704],[-94.411365,30.780759],[-94.411301,30.780825],[-94.411059,30.781012],[-94.410957,30.781067],[-94.410836,30.7811],[-94.410721,30.781171],[-94.410677,30.781232],[-94.410678,30.781255],[-94.410683,30.781304],[-94.410715,30.78137],[-94.410817,30.781397],[-94.410925,30.781364],[-94.41104,30.781348],[-94.41118,30.78137],[-94.411441,30.781854],[-94.411498,30.782151],[-94.41153,30.782503],[-94.411632,30.782706],[-94.411673,30.782748],[-94.411766,30.782844],[-94.411842,30.782888],[-94.411944,30.782888],[-94.412027,30.782876],[-94.412065,30.782871],[-94.412441,30.782761],[-94.4126,30.782701],[-94.412747,30.782717],[-94.412868,30.782794],[-94.412963,30.782888],[-94.41304,30.783064],[-94.413103,30.783295],[-94.413129,30.783355],[-94.413211,30.783427],[-94.41332,30.783325],[-94.413383,30.783267],[-94.413517,30.783207],[-94.413606,30.783141],[-94.413699,30.783098],[-94.413829,30.783113],[-94.413845,30.783122],[-94.41395,30.783179],[-94.414103,30.783234],[-94.414243,30.783339],[-94.41439,30.783427],[-94.414481,30.783506],[-94.414517,30.783537],[-94.414619,30.783675],[-94.414632,30.784037],[-94.414657,30.78412],[-94.414695,30.784169],[-94.414785,30.784203],[-94.414969,30.784241],[-94.41509,30.784301],[-94.41516,30.784362],[-94.415326,30.784555],[-94.415364,30.784626],[-94.415402,30.784758],[-94.415364,30.785088],[-94.41544,30.785275],[-94.415472,30.785352],[-94.415421,30.785764],[-94.415408,30.785841],[-94.415377,30.78594],[-94.415377,30.785979],[-94.415392,30.786006],[-94.415994,30.78603],[-94.417801,30.786104],[-94.418404,30.786129],[-94.418485,30.786248],[-94.418539,30.786328],[-94.41873,30.786605],[-94.418813,30.786724],[-94.418918,30.786877],[-94.419241,30.787375],[-94.419368,30.78755],[-94.419543,30.787752],[-94.41974,30.787941],[-94.419864,30.788041],[-94.419956,30.788115],[-94.42019,30.788272],[-94.42044,30.788412],[-94.4207,30.788533],[-94.420972,30.788635],[-94.421252,30.788716],[-94.42154,30.788776],[-94.421668,30.788796],[-94.423405,30.789063],[-94.423646,30.789122],[-94.423929,30.789214],[-94.4242,30.789326],[-94.424456,30.789458],[-94.424645,30.789579],[-94.424715,30.789624],[-94.424905,30.789814],[-94.425274,30.790162],[-94.425448,30.790359],[-94.425602,30.790544],[-94.425758,30.790758],[-94.425786,30.790821],[-94.426088,30.790811],[-94.426996,30.790785],[-94.427299,30.790777],[-94.428265,30.790749],[-94.430743,30.790679],[-94.431055,30.790965],[-94.431768,30.791619],[-94.431909,30.791642],[-94.431946,30.791648],[-94.431784,30.792006],[-94.431726,30.792137],[-94.432044,30.792134],[-94.433002,30.792127],[-94.433321,30.792125],[-94.433525,30.792874],[-94.433966,30.794483],[-94.434618,30.794596],[-94.435069,30.794675],[-94.435352,30.794822],[-94.435812,30.795401],[-94.436102,30.795925],[-94.4364,30.796202],[-94.438342,30.79501],[-94.438685,30.794799],[-94.438391,30.793191],[-94.438316,30.793141],[-94.438092,30.792993],[-94.438018,30.792944],[-94.437395,30.792529],[-94.436486,30.791924],[-94.435519,30.791298],[-94.434892,30.790892],[-94.434841,30.790857],[-94.434688,30.790752],[-94.434637,30.790718],[-94.434623,30.789158],[-94.434582,30.784477],[-94.434569,30.782918],[-94.434576,30.782155],[-94.434586,30.781181],[-94.434599,30.780057],[-94.4346,30.779868],[-94.434603,30.779652],[-94.435149,30.779645],[-94.437402,30.77961],[-94.439769,30.779575],[-94.440276,30.779567]]]]}},{"type":"Feature","properties":{"local_place_id":"e4fdb7d1-c85b-5d15-a05d-c1efdefd760c","display_name":"Colmesneil","geoid":"4816048","gnis":"02410196","namelsad":"Colmesneil city","lsad":"25","source":"census_tiger_place","source_vintage":"tiger_2024"},"geometry":{"type":"MultiPolygon","coordinates":[[[[-94.437917,30.910029],[-94.43789,30.908953],[-94.437882,30.908637],[-94.437864,30.907896],[-94.436574,30.907884],[-94.43571,30.907884],[-94.434966,30.907884],[-94.435033,30.906037],[-94.435065,30.905174],[-94.435072,30.904623],[-94.435096,30.902973],[-94.435104,30.902423],[-94.435101,30.902325],[-94.434654,30.90267],[-94.433373,30.902546],[-94.432964,30.902522],[-94.431737,30.90245],[-94.431328,30.902426],[-94.43118,30.902417],[-94.430737,30.902392],[-94.43059,30.902384],[-94.42891,30.902287],[-94.423923,30.902001],[-94.423925,30.90195],[-94.424003,30.90027],[-94.424011,30.90008],[-94.424039,30.899513],[-94.424048,30.899324],[-94.424066,30.898921],[-94.424113,30.897936],[-94.424123,30.897713],[-94.424128,30.897624],[-94.424144,30.897311],[-94.424159,30.896959],[-94.424248,30.895052],[-94.424299,30.893971],[-94.424302,30.893912],[-94.424316,30.893598],[-94.42432,30.893533],[-94.424321,30.893484],[-94.424325,30.893417],[-94.424469,30.890325],[-94.424476,30.890202],[-94.424569,30.888278],[-94.4246,30.887643],[-94.422979,30.887535],[-94.421346,30.887429],[-94.421329,30.887773],[-94.421186,30.890795],[-94.421051,30.893711],[-94.420975,30.895356],[-94.420967,30.895524],[-94.420959,30.895691],[-94.420951,30.895862],[-94.420943,30.896033],[-94.420916,30.896594],[-94.420787,30.899306],[-94.420752,30.900058],[-94.420599,30.900059],[-94.420117,30.900062],[-94.418673,30.900074],[-94.418192,30.900078],[-94.415941,30.900121],[-94.413863,30.900162],[-94.412805,30.900183],[-94.412805,30.903798],[-94.412805,30.906049],[-94.412789,30.906559],[-94.412784,30.907514],[-94.409517,30.907731],[-94.409519,30.907856],[-94.409783,30.917592],[-94.409795,30.918042],[-94.410031,30.918043],[-94.412692,30.918052],[-94.415732,30.918072],[-94.415877,30.91807],[-94.416036,30.918069],[-94.416315,30.918065],[-94.416461,30.918064],[-94.417483,30.918031],[-94.417058,30.919059],[-94.415385,30.923114],[-94.414614,30.924979],[-94.414012,30.92644],[-94.414008,30.926995],[-94.413943,30.928028],[-94.413799,30.930331],[-94.414598,30.930318],[-94.415634,30.930302],[-94.415926,30.930298],[-94.416805,30.930289],[-94.417099,30.930286],[-94.417178,30.929327],[-94.417242,30.927343],[-94.417243,30.927294],[-94.417261,30.926792],[-94.420607,30.918995],[-94.421015,30.918045],[-94.421782,30.918048],[-94.422977,30.918052],[-94.424014,30.918071],[-94.426601,30.918121],[-94.427125,30.918135],[-94.428163,30.918163],[-94.429869,30.918185],[-94.433941,30.918238],[-94.433953,30.917188],[-94.433973,30.915481],[-94.433976,30.910097],[-94.433975,30.91003],[-94.434962,30.910029],[-94.43557,30.910029],[-94.437917,30.910029]]]]}},{"type":"Feature","properties":{"local_place_id":"8d6bbd11-5bf8-5f0e-bf9d-f802fad19bdb","display_name":"Chester","geoid":"4814584","gnis":"02413194","namelsad":"Chester town","lsad":"43","source":"census_tiger_place","source_vintage":"tiger_2024"},"geometry":{"type":"MultiPolygon","coordinates":[[[[-94.63052,30.92987],[-94.630508,30.929445],[-94.630503,30.929139],[-94.630488,30.928224],[-94.630483,30.927919],[-94.630467,30.926331],[-94.630378,30.926324],[-94.625361,30.925981],[-94.623883,30.92588],[-94.623689,30.925863],[-94.623135,30.925813],[-94.620647,30.925606],[-94.619852,30.925541],[-94.619055,30.925483],[-94.618945,30.925475],[-94.618835,30.925467],[-94.618532,30.925445],[-94.61823,30.925423],[-94.616801,30.92532],[-94.614599,30.92516],[-94.611516,30.924936],[-94.608877,30.924745],[-94.608473,30.924717],[-94.606984,30.924613],[-94.606425,30.924574],[-94.60645,30.920659],[-94.606453,30.920335],[-94.605287,30.920277],[-94.605009,30.920263],[-94.604175,30.920224],[-94.603897,30.920212],[-94.603005,30.920167],[-94.602891,30.920162],[-94.600336,30.919954],[-94.599447,30.919882],[-94.597453,30.919744],[-94.594903,30.919569],[-94.592664,30.916961],[-94.591363,30.915445],[-94.591029,30.915053],[-94.59089,30.91488],[-94.589508,30.913156],[-94.589402,30.913024],[-94.589047,30.912582],[-94.588929,30.912416],[-94.588822,30.912298],[-94.588457,30.911836],[-94.588055,30.911363],[-94.586851,30.909947],[-94.58645,30.909475],[-94.586308,30.90932],[-94.585885,30.908858],[-94.585744,30.908704],[-94.584477,30.907203],[-94.584126,30.906788],[-94.582532,30.904901],[-94.581813,30.90395],[-94.58175,30.90395],[-94.580742,30.90268],[-94.579522,30.901143],[-94.579352,30.900932],[-94.578845,30.900302],[-94.578677,30.900092],[-94.577868,30.899116],[-94.576445,30.897398],[-94.576241,30.897152],[-94.575153,30.897768],[-94.574051,30.898393],[-94.573921,30.898463],[-94.573531,30.898673],[-94.573402,30.898744],[-94.573025,30.898943],[-94.572745,30.899091],[-94.573197,30.899674],[-94.573648,30.900255],[-94.573907,30.900529],[-94.574684,30.901351],[-94.574943,30.901625],[-94.574988,30.901676],[-94.575123,30.901829],[-94.575169,30.901881],[-94.575703,30.902487],[-94.575758,30.902571],[-94.575923,30.902824],[-94.575978,30.902909],[-94.576275,30.903206],[-94.577184,30.904114],[-94.578032,30.905189],[-94.578157,30.905363],[-94.580506,30.908608],[-94.581785,30.910146],[-94.58427,30.9131],[-94.584488,30.913359],[-94.584516,30.913394],[-94.584613,30.913511],[-94.584711,30.913628],[-94.584746,30.913669],[-94.586372,30.91563],[-94.586566,30.915868],[-94.587149,30.916583],[-94.587344,30.916822],[-94.588782,30.91854],[-94.591352,30.921609],[-94.591066,30.924316],[-94.590832,30.926546],[-94.59074,30.92729],[-94.590465,30.929526],[-94.590452,30.929637],[-94.590374,30.930271],[-94.591131,30.930344],[-94.593402,30.930564],[-94.59416,30.930638],[-94.594519,30.930668],[-94.595596,30.930761],[-94.595955,30.930793],[-94.596005,30.930797],[-94.596116,30.930807],[-94.596118,30.930764],[-94.596121,30.930713],[-94.596151,30.930114],[-94.596182,30.929523],[-94.597388,30.929565],[-94.597988,30.929586],[-94.598169,30.929587],[-94.598713,30.92959],[-94.598895,30.929592],[-94.600243,30.929595],[-94.603047,30.929696],[-94.603259,30.929704],[-94.605008,30.929767],[-94.605712,30.929816],[-94.607562,30.929946],[-94.62484,30.931157],[-94.62485,30.930867],[-94.624895,30.929803],[-94.63044,30.929911],[-94.63052,30.92987]]]]}},{"type":"Feature","properties":{"local_place_id":"860e0e40-a3b2-5e4f-baef-4b8e39f8e219","display_name":"Huntsville","geoid":"4835528","gnis":"02410080","namelsad":"Huntsville city","lsad":"25","source":"census_tiger_place","source_vintage":"tiger_2024"},"geometry":{"type":"MultiPolygon","coordinates":[[[[-95.608856,30.7115],[-95.608849,30.711327],[-95.608849,30.711272],[-95.608849,30.711161],[-95.608841,30.710995],[-95.608841,30.710661],[-95.608833,30.710493],[-95.608833,30.710323],[-95.608826,30.710144],[-95.608826,30.709995],[-95.608811,30.709701],[-95.60881,30.709536],[-95.608803,30.709385],[-95.608803,30.709219],[-95.608795,30.709045],[-95.608795,30.70887],[-95.608788,30.708704],[-95.608788,30.708529],[-95.608724,30.708561],[-95.606883,30.709492],[-95.601259,30.713101],[-95.599863,30.714004],[-95.59948,30.71323],[-95.598965,30.712576],[-95.598578,30.712059],[-95.598238,30.711655],[-95.597471,30.712144],[-95.594028,30.71434],[-95.590203,30.716184],[-95.588489,30.716813],[-95.587341,30.717235],[-95.58689,30.717404],[-95.586794,30.721412],[-95.587005,30.721411],[-95.589974,30.721449],[-95.590661,30.721458],[-95.592698,30.72148],[-95.603766,30.721597],[-95.603836,30.721598],[-95.604012,30.721258],[-95.604233,30.720852],[-95.604401,30.720518],[-95.604675,30.720026],[-95.604813,30.719793],[-95.604912,30.719637],[-95.605232,30.719175],[-95.605637,30.718678],[-95.605749,30.718548],[-95.606049,30.718185],[-95.606476,30.71768],[-95.60672,30.717367],[-95.606857,30.717222],[-95.606979,30.717062],[-95.607101,30.716911],[-95.607323,30.716614],[-95.607422,30.716457],[-95.607529,30.716309],[-95.60762,30.716148],[-95.607719,30.715996],[-95.607833,30.715788],[-95.607895,30.715677],[-95.608063,30.715347],[-95.608215,30.715019],[-95.608295,30.714819],[-95.608467,30.714346],[-95.608528,30.714137],[-95.608612,30.713837],[-95.60865,30.713661],[-95.608696,30.713488],[-95.608755,30.713147],[-95.608826,30.712608],[-95.608841,30.712437],[-95.608856,30.712],[-95.608856,30.7115]]],[[[-95.601221,30.725563],[-95.590669,30.725554],[-95.590695,30.733731],[-95.591046,30.733973],[-95.591465,30.73424],[-95.591506,30.734197],[-95.591757,30.733928],[-95.592185,30.733473],[-95.593451,30.7323],[-95.595788,30.730475],[-95.597419,30.729072],[-95.598803,30.728033],[-95.600016,30.727051],[-95.601221,30.725563]],[[-95.639434,30.751163],[-95.638908,30.752383],[-95.637347,30.751881],[-95.637724,30.750852],[-95.63779,30.750671],[-95.637973,30.75072],[-95.639455,30.751111],[-95.639434,30.751163]],[[-95.642751,30.725494],[-95.640953,30.726406],[-95.640904,30.726441],[-95.640054,30.726863],[-95.637601,30.728107],[-95.636092,30.728873],[-95.633908,30.729981],[-95.633971,30.730338],[-95.634047,30.730771],[-95.634497,30.731806],[-95.634808,30.732501],[-95.635683,30.732585],[-95.636444,30.732825],[-95.636998,30.734262],[-95.637293,30.736028],[-95.637375,30.736306],[-95.637438,30.736662],[-95.635384,30.736713],[-95.632754,30.736683],[-95.632595,30.736681],[-95.632536,30.736682],[-95.629575,30.736695],[-95.625521,30.736713],[-95.623729,30.736726],[-95.621068,30.736733],[-95.620257,30.73674],[-95.620257,30.737873],[-95.6211,30.737885],[-95.623447,30.737933],[-95.626621,30.737939],[-95.629777,30.737998],[-95.6298,30.738557],[-95.62987,30.743311],[-95.62993,30.745352],[-95.631143,30.74541],[-95.631275,30.745421],[-95.631413,30.745432],[-95.632478,30.74549],[-95.633419,30.745538],[-95.63343,30.745685],[-95.633594,30.745685],[-95.63353,30.745764],[-95.633632,30.748629],[-95.633639,30.748843],[-95.63386,30.748839],[-95.63458,30.748826],[-95.634605,30.749633],[-95.634611,30.749832],[-95.634722,30.749862],[-95.63602,30.750204],[-95.635944,30.750428],[-95.635625,30.751305],[-95.634774,30.751398],[-95.634267,30.751453],[-95.634223,30.751458],[-95.634226,30.752612],[-95.632916,30.75275],[-95.632469,30.752797],[-95.632227,30.752823],[-95.63219,30.752825],[-95.63219,30.753226],[-95.632188,30.758556],[-95.632186,30.763034],[-95.632186,30.763921],[-95.632186,30.764121],[-95.632454,30.764299],[-95.632758,30.764301],[-95.633251,30.764303],[-95.641172,30.764333],[-95.641235,30.764332],[-95.641235,30.764415],[-95.641247,30.766559],[-95.641248,30.768741],[-95.641249,30.770546],[-95.641249,30.770776],[-95.641249,30.772863],[-95.641186,30.772862],[-95.638676,30.772824],[-95.638555,30.772818],[-95.638466,30.772821],[-95.632197,30.772725],[-95.632285,30.771468],[-95.632071,30.770417],[-95.631027,30.769508],[-95.629638,30.768334],[-95.627769,30.767487],[-95.626451,30.766751],[-95.623901,30.76684],[-95.622928,30.766874],[-95.623266,30.763594],[-95.624016,30.763551],[-95.62406,30.760123],[-95.620593,30.757847],[-95.620529,30.757806],[-95.620536,30.757305],[-95.618733,30.756097],[-95.618634,30.756035],[-95.61796,30.755655],[-95.61785,30.755656],[-95.61719,30.755664],[-95.613696,30.753363],[-95.613441,30.753364],[-95.608793,30.753368],[-95.608795,30.752971],[-95.608799,30.752169],[-95.608437,30.752129],[-95.607938,30.752139],[-95.607686,30.752144],[-95.606595,30.752123],[-95.606155,30.752115],[-95.60594,30.752123],[-95.605805,30.752113],[-95.605751,30.752125],[-95.605228,30.752138],[-95.60495,30.752146],[-95.604848,30.752102],[-95.603586,30.752095],[-95.603174,30.752091],[-95.602008,30.752081],[-95.601077,30.752073],[-95.601043,30.752059],[-95.600678,30.75207],[-95.600632,30.752069],[-95.600606,30.75207],[-95.60002,30.752071],[-95.59875,30.752074],[-95.595323,30.752091],[-95.59522,30.752091],[-95.593352,30.752114],[-95.593189,30.752117],[-95.593191,30.752282],[-95.589081,30.752312],[-95.589015,30.752553],[-95.5887,30.753703],[-95.588738,30.753879],[-95.588614,30.754019],[-95.588656,30.754145],[-95.588622,30.754237],[-95.588639,30.754379],[-95.58874,30.754429],[-95.588717,30.754616],[-95.588824,30.754697],[-95.588805,30.754849],[-95.588704,30.7548],[-95.588479,30.754994],[-95.588481,30.75503],[-95.588305,30.755257],[-95.588533,30.755469],[-95.588434,30.7556],[-95.588516,30.755799],[-95.58829,30.755795],[-95.588276,30.755982],[-95.588436,30.755993],[-95.588434,30.756064],[-95.588334,30.756113],[-95.588323,30.75619],[-95.588553,30.756428],[-95.588411,30.756733],[-95.588311,30.75679],[-95.588275,30.756893],[-95.588356,30.756946],[-95.588298,30.757123],[-95.588173,30.757101],[-95.588142,30.757261],[-95.588028,30.757398],[-95.588142,30.757388],[-95.588161,30.757586],[-95.588231,30.757546],[-95.588275,30.757524],[-95.588307,30.757524],[-95.58839,30.757568],[-95.588453,30.757639],[-95.588447,30.757678],[-95.588352,30.757815],[-95.588326,30.757898],[-95.58832,30.757969],[-95.588345,30.758052],[-95.588409,30.75814],[-95.588523,30.758222],[-95.588644,30.758277],[-95.588689,30.758266],[-95.588746,30.758233],[-95.588804,30.758184],[-95.588854,30.758118],[-95.588931,30.758057],[-95.589045,30.758013],[-95.589115,30.758002],[-95.589236,30.758008],[-95.589344,30.75809],[-95.589421,30.758112],[-95.589504,30.758227],[-95.589529,30.758354],[-95.589536,30.75853],[-95.58951,30.758585],[-95.589205,30.758991],[-95.589186,30.759096],[-95.589122,30.759228],[-95.589135,30.759343],[-95.589135,30.759409],[-95.589167,30.759541],[-95.589216,30.759678],[-95.588342,30.760121],[-95.586614,30.761004],[-95.586548,30.760971],[-95.585823,30.760752],[-95.583253,30.760047],[-95.582891,30.759947],[-95.583076,30.758368],[-95.583221,30.757143],[-95.58342,30.755464],[-95.583534,30.754508],[-95.583586,30.75406],[-95.583685,30.753229],[-95.583774,30.75246],[-95.583803,30.752219],[-95.581401,30.752267],[-95.57762,30.752344],[-95.575244,30.752392],[-95.574488,30.752407],[-95.573953,30.752418],[-95.572063,30.752456],[-95.571944,30.752459],[-95.568761,30.752548],[-95.567173,30.752542],[-95.564511,30.752612],[-95.564523,30.753187],[-95.563478,30.753201],[-95.561143,30.753228],[-95.560794,30.753228],[-95.56072,30.753228],[-95.560708,30.753229],[-95.560468,30.753231],[-95.559022,30.753247],[-95.559032,30.753707],[-95.559039,30.754006],[-95.559028,30.75754],[-95.559028,30.757708],[-95.559019,30.759149],[-95.558369,30.759156],[-95.558343,30.761337],[-95.558321,30.762347],[-95.558174,30.762346],[-95.557791,30.76235],[-95.557563,30.762353],[-95.556456,30.762387],[-95.55518,30.7624],[-95.553689,30.762456],[-95.553753,30.762601],[-95.553876,30.762882],[-95.553995,30.763205],[-95.554018,30.763282],[-95.554087,30.763518],[-95.553931,30.763562],[-95.553873,30.763563],[-95.548521,30.763659],[-95.547124,30.763685],[-95.544862,30.763726],[-95.544621,30.763731],[-95.544609,30.763764],[-95.544468,30.764136],[-95.544402,30.764311],[-95.54412,30.765111],[-95.544025,30.765381],[-95.543867,30.765829],[-95.543718,30.766273],[-95.543515,30.766878],[-95.543317,30.767478],[-95.543261,30.767648],[-95.543206,30.767789],[-95.543024,30.768252],[-95.542907,30.768674],[-95.542793,30.768954],[-95.542655,30.768919],[-95.542275,30.76875],[-95.542243,30.768722],[-95.542199,30.768711],[-95.541423,30.768361],[-95.540275,30.76784],[-95.537778,30.766706],[-95.537066,30.766383],[-95.536978,30.766342],[-95.537101,30.766281],[-95.537183,30.766141],[-95.53718,30.766038],[-95.537014,30.76556],[-95.53691,30.765292],[-95.53694,30.765134],[-95.537041,30.765068],[-95.537095,30.765009],[-95.537462,30.764613],[-95.537638,30.764408],[-95.537767,30.764332],[-95.537909,30.764309],[-95.538312,30.764296],[-95.53858,30.764311],[-95.538762,30.764278],[-95.53897,30.764195],[-95.53916,30.764078],[-95.539249,30.763998],[-95.539298,30.763899],[-95.539289,30.763771],[-95.539231,30.763531],[-95.539176,30.763365],[-95.539183,30.763228],[-95.539295,30.763152],[-95.539477,30.763129],[-95.53988,30.763111],[-95.539953,30.763075],[-95.540235,30.762563],[-95.540348,30.762478],[-95.540651,30.762382],[-95.541136,30.762306],[-95.541316,30.762245],[-95.541409,30.762177],[-95.541426,30.762102],[-95.541424,30.762012],[-95.541401,30.761856],[-95.541307,30.761552],[-95.54121,30.761277],[-95.541152,30.76111],[-95.54104,30.760857],[-95.540794,30.76021],[-95.540772,30.760103],[-95.540835,30.759954],[-95.54093,30.759927],[-95.541122,30.759948],[-95.541304,30.759994],[-95.541421,30.760074],[-95.541556,30.760146],[-95.54175,30.760257],[-95.541952,30.760311],[-95.542143,30.760307],[-95.542343,30.76027],[-95.542523,30.760242],[-95.542686,30.760239],[-95.542819,30.760245],[-95.543031,30.76029],[-95.543203,30.760311],[-95.543307,30.760284],[-95.543325,30.760243],[-95.543241,30.759923],[-95.543058,30.759523],[-95.542932,30.759284],[-95.542901,30.759191],[-95.542843,30.759114],[-95.542678,30.758949],[-95.542627,30.758872],[-95.542589,30.758773],[-95.542576,30.758658],[-95.542589,30.758553],[-95.542672,30.75841],[-95.542825,30.757921],[-95.543066,30.757597],[-95.543219,30.757514],[-95.543945,30.757036],[-95.544269,30.756745],[-95.544441,30.756569],[-95.544709,30.756322],[-95.544963,30.756179],[-95.545135,30.756107],[-95.545428,30.755893],[-95.545441,30.75588],[-95.545349,30.753287],[-95.545332,30.752794],[-95.545497,30.751683],[-95.545022,30.750979],[-95.545033,30.750702],[-95.543274,30.750851],[-95.543049,30.75087],[-95.542886,30.750883],[-95.542699,30.750895],[-95.542603,30.750649],[-95.54247,30.750517],[-95.542393,30.750412],[-95.542349,30.75033],[-95.542221,30.75016],[-95.542221,30.750132],[-95.54224,30.750083],[-95.542266,30.75005],[-95.542336,30.749821],[-95.542368,30.749788],[-95.542393,30.749782],[-95.542615,30.749723],[-95.542769,30.749731],[-95.542926,30.749732],[-95.54303,30.749689],[-95.543185,30.749391],[-95.543278,30.749205],[-95.543329,30.749134],[-95.543424,30.748947],[-95.543456,30.748837],[-95.543494,30.748754],[-95.543545,30.748688],[-95.543621,30.748622],[-95.543793,30.748419],[-95.543812,30.748381],[-95.54408,30.748029],[-95.544143,30.747996],[-95.544341,30.747853],[-95.544385,30.747831],[-95.544417,30.747804],[-95.544436,30.747771],[-95.544436,30.747732],[-95.544398,30.747644],[-95.544398,30.747617],[-95.544423,30.747584],[-95.544493,30.747556],[-95.544761,30.747584],[-95.544824,30.7476],[-95.54499,30.747683],[-95.545047,30.747688],[-95.545117,30.747677],[-95.545193,30.74765],[-95.545251,30.747617],[-95.545276,30.747573],[-95.545283,30.747325],[-95.545238,30.747166],[-95.545225,30.74699],[-95.545213,30.746935],[-95.545174,30.746897],[-95.545136,30.746875],[-95.545111,30.746825],[-95.545092,30.74671],[-95.545178,30.74643],[-95.545206,30.746341],[-95.5452,30.746259],[-95.545155,30.746149],[-95.545155,30.746127],[-95.5452,30.745874],[-95.545232,30.745781],[-95.545253,30.745754],[-95.545291,30.745726],[-95.545342,30.745691],[-95.545175,30.744703],[-95.545124,30.744412],[-95.54498,30.743545],[-95.544617,30.743557],[-95.543169,30.743609],[-95.536847,30.743825],[-95.533828,30.743932],[-95.533513,30.744111],[-95.533434,30.744157],[-95.531595,30.746826],[-95.530943,30.747193],[-95.529421,30.748048],[-95.527728,30.749018],[-95.527332,30.749247],[-95.526542,30.748104],[-95.526016,30.748458],[-95.525718,30.748813],[-95.525557,30.748956],[-95.525446,30.749016],[-95.525238,30.749069],[-95.524894,30.74916],[-95.524696,30.749215],[-95.524466,30.749299],[-95.523268,30.750056],[-95.522879,30.750301],[-95.520636,30.75158],[-95.51863,30.752688],[-95.518099,30.753015],[-95.516867,30.753899],[-95.516073,30.754597],[-95.514645,30.755986],[-95.514429,30.756197],[-95.512576,30.758063],[-95.512073,30.758225],[-95.511899,30.758281],[-95.511579,30.758384],[-95.511261,30.758486],[-95.513727,30.756091],[-95.513864,30.75596],[-95.515248,30.754615],[-95.516541,30.753359],[-95.516693,30.753212],[-95.517339,30.752505],[-95.518312,30.751197],[-95.518277,30.751191],[-95.515184,30.750641],[-95.515183,30.750394],[-95.514957,30.750394],[-95.51335,30.750406],[-95.505654,30.750466],[-95.504753,30.750477],[-95.504243,30.75046],[-95.504223,30.746767],[-95.504231,30.746045],[-95.504231,30.745897],[-95.504701,30.745889],[-95.505412,30.745878],[-95.505949,30.745869],[-95.50626,30.745864],[-95.506247,30.745206],[-95.506393,30.745204],[-95.506492,30.745202],[-95.506241,30.744848],[-95.505565,30.743893],[-95.504504,30.743121],[-95.504335,30.742998],[-95.504028,30.742775],[-95.5039,30.742776],[-95.503674,30.742778],[-95.503661,30.742778],[-95.503531,30.742774],[-95.503284,30.742781],[-95.503291,30.742458],[-95.502927,30.742459],[-95.50239,30.742458],[-95.502399,30.74174],[-95.502404,30.740521],[-95.50243,30.739614],[-95.502501,30.737554],[-95.502586,30.73338],[-95.502622,30.731834],[-95.502958,30.731809],[-95.503514,30.731809],[-95.506865,30.731791],[-95.506864,30.732696],[-95.50686,30.734809],[-95.506892,30.735729],[-95.507353,30.735723],[-95.507725,30.735716],[-95.509149,30.735689],[-95.511949,30.735645],[-95.511916,30.73323],[-95.511899,30.731826],[-95.511831,30.725823],[-95.511829,30.725679],[-95.511822,30.725265],[-95.51182,30.725178],[-95.511966,30.72518],[-95.512078,30.725182],[-95.512509,30.725206],[-95.512731,30.725257],[-95.512913,30.725321],[-95.513077,30.725391],[-95.513118,30.725409],[-95.513301,30.72547],[-95.513465,30.725499],[-95.513181,30.725168],[-95.5128,30.724673],[-95.512653,30.724427],[-95.512618,30.724266],[-95.512571,30.72395],[-95.512603,30.7219],[-95.512607,30.721635],[-95.512556,30.721292],[-95.512489,30.720946],[-95.512438,30.720587],[-95.512442,30.719864],[-95.512444,30.719351],[-95.512446,30.718831],[-95.51244,30.718542],[-95.512434,30.718218],[-95.512458,30.717628],[-95.512466,30.717211],[-95.512494,30.715688],[-95.512507,30.714484],[-95.512509,30.714308],[-95.512559,30.712966],[-95.512563,30.712866],[-95.51256,30.712382],[-95.512244,30.712382],[-95.511112,30.71237],[-95.51043,30.712368],[-95.509997,30.712371],[-95.509872,30.712371],[-95.5098,30.712372],[-95.509247,30.712375],[-95.508518,30.712389],[-95.508101,30.712397],[-95.50765,30.712406],[-95.507652,30.712227],[-95.507652,30.711515],[-95.50766,30.711313],[-95.507668,30.710434],[-95.507538,30.707584],[-95.504641,30.707605],[-95.500889,30.707631],[-95.499641,30.707608],[-95.499671,30.705993],[-95.499673,30.705587],[-95.499673,30.705462],[-95.500232,30.705479],[-95.510947,30.705811],[-95.513146,30.705884],[-95.513201,30.710025],[-95.514016,30.71028],[-95.517409,30.711209],[-95.517533,30.711244],[-95.517685,30.711287],[-95.517859,30.711333],[-95.518047,30.711384],[-95.52268,30.712653],[-95.522901,30.711814],[-95.523772,30.70995],[-95.524015,30.709428],[-95.524704,30.70795],[-95.524967,30.7074],[-95.525712,30.705801],[-95.525791,30.705638],[-95.52582,30.705576],[-95.526017,30.705159],[-95.526043,30.705105],[-95.526967,30.703134],[-95.527476,30.702034],[-95.527589,30.701536],[-95.528662,30.696624],[-95.528559,30.6965],[-95.525698,30.693262],[-95.524445,30.691834],[-95.523664,30.690408],[-95.523585,30.690267],[-95.523553,30.690211],[-95.52344,30.690017],[-95.523272,30.689698],[-95.522486,30.688267],[-95.521817,30.687031],[-95.521808,30.687014],[-95.521781,30.686964],[-95.51981,30.683402],[-95.51966,30.683403],[-95.51923,30.68341],[-95.511947,30.683535],[-95.511939,30.68235],[-95.511939,30.682312],[-95.510019,30.682321],[-95.505236,30.682343],[-95.50503,30.682341],[-95.50468,30.682345],[-95.504288,30.682347],[-95.502055,30.68236],[-95.501238,30.682362],[-95.49972,30.682368],[-95.499726,30.68214],[-95.499723,30.682009],[-95.500781,30.681701],[-95.501576,30.681472],[-95.501655,30.681448],[-95.50109,30.680439],[-95.501144,30.680354],[-95.501181,30.680295],[-95.50113,30.680205],[-95.497567,30.67387],[-95.497508,30.673763],[-95.493957,30.667446],[-95.496404,30.66742],[-95.503494,30.667442],[-95.507608,30.667455],[-95.507622,30.666847],[-95.507613,30.666718],[-95.507479,30.66672],[-95.506415,30.666729],[-95.506412,30.666618],[-95.506409,30.665714],[-95.506404,30.664442],[-95.505795,30.664445],[-95.503924,30.664454],[-95.503918,30.66304],[-95.503058,30.661733],[-95.507724,30.658936],[-95.506558,30.657493],[-95.503673,30.653935],[-95.502361,30.65242],[-95.501923,30.651845],[-95.501766,30.651651],[-95.500547,30.650144],[-95.500702,30.650017],[-95.503377,30.647715],[-95.504146,30.647054],[-95.502919,30.645897],[-95.502326,30.645338],[-95.500748,30.643849],[-95.499191,30.642381],[-95.498389,30.641623],[-95.495788,30.642486],[-95.49566,30.642529],[-95.495044,30.640839],[-95.494438,30.639179],[-95.493933,30.639475],[-95.493047,30.638631],[-95.491929,30.637554],[-95.492715,30.636988],[-95.493999,30.638066],[-95.493553,30.636856],[-95.492675,30.634461],[-95.492663,30.634428],[-95.492602,30.634266],[-95.491918,30.632446],[-95.491838,30.632233],[-95.491738,30.631968],[-95.4916,30.631595],[-95.490798,30.629434],[-95.490384,30.628318],[-95.489877,30.626934],[-95.489021,30.624598],[-95.488579,30.623418],[-95.487601,30.620809],[-95.487711,30.620739],[-95.487815,30.620673],[-95.48875,30.623182],[-95.490121,30.626865],[-95.490181,30.62685],[-95.494123,30.62585],[-95.494425,30.626696],[-95.494993,30.628287],[-95.492595,30.628947],[-95.491974,30.629117],[-95.491717,30.629188],[-95.491129,30.62935],[-95.491078,30.629363],[-95.491773,30.631267],[-95.491911,30.631649],[-95.492767,30.633998],[-95.492788,30.634049],[-95.493365,30.63561],[-95.493932,30.637145],[-95.494211,30.637887],[-95.494625,30.639003],[-95.495874,30.642368],[-95.498326,30.641564],[-95.499023,30.64103],[-95.503297,30.637867],[-95.503311,30.637872],[-95.504466,30.636998],[-95.506552,30.635455],[-95.507609,30.634662],[-95.507146,30.629407],[-95.506801,30.625486],[-95.506743,30.624826],[-95.506589,30.623073],[-95.506446,30.62145],[-95.506168,30.618285],[-95.505996,30.616333],[-95.50666,30.61635],[-95.506864,30.616355],[-95.507235,30.616364],[-95.507507,30.616371],[-95.507744,30.619004],[-95.507814,30.619063],[-95.510721,30.621555],[-95.512015,30.622664],[-95.513559,30.621311],[-95.513605,30.621273],[-95.513196,30.620982],[-95.51827,30.616275],[-95.517795,30.615869],[-95.517464,30.615589],[-95.520583,30.6127],[-95.530432,30.603579],[-95.531096,30.602963],[-95.531705,30.603379],[-95.536009,30.606306],[-95.53633,30.606525],[-95.540422,30.607481],[-95.542069,30.607865],[-95.54266,30.607992],[-95.546461,30.611253],[-95.546454,30.611686],[-95.546427,30.613231],[-95.546403,30.614018],[-95.546214,30.625132],[-95.546173,30.627905],[-95.540788,30.632446],[-95.539357,30.633646],[-95.532485,30.639439],[-95.532404,30.639499],[-95.532732,30.639777],[-95.537025,30.643447],[-95.540709,30.64659],[-95.541246,30.647048],[-95.541312,30.647061],[-95.541578,30.647114],[-95.541784,30.647143],[-95.542085,30.647186],[-95.542842,30.647293],[-95.543338,30.647363],[-95.546704,30.646254],[-95.550827,30.644895],[-95.551131,30.644794],[-95.551679,30.644634],[-95.551865,30.644576],[-95.551961,30.644546],[-95.552112,30.644499],[-95.552242,30.644458],[-95.552371,30.644416],[-95.55239,30.64441],[-95.552718,30.644304],[-95.563413,30.640782],[-95.565705,30.640028],[-95.57083,30.638342],[-95.57158,30.638095],[-95.571583,30.638003],[-95.571749,30.634851],[-95.571739,30.634516],[-95.57767,30.63469],[-95.579557,30.634746],[-95.581635,30.634812],[-95.582622,30.634844],[-95.583694,30.634868],[-95.581354,30.639494],[-95.580573,30.641044],[-95.580288,30.641611],[-95.580118,30.641944],[-95.579642,30.642879],[-95.579386,30.643383],[-95.57846,30.645213],[-95.578325,30.645479],[-95.57815,30.645826],[-95.575787,30.644839],[-95.575646,30.647471],[-95.575581,30.649009],[-95.571064,30.648858],[-95.571045,30.650302],[-95.570496,30.650311],[-95.56851,30.65031],[-95.559253,30.650308],[-95.55925,30.65091],[-95.559248,30.655581],[-95.55644,30.654345],[-95.556055,30.654176],[-95.555229,30.653812],[-95.554533,30.653506],[-95.552151,30.657946],[-95.552069,30.658096],[-95.552128,30.65812],[-95.553901,30.658827],[-95.556999,30.660054],[-95.562978,30.662446],[-95.562336,30.663684],[-95.560383,30.662866],[-95.559594,30.664292],[-95.557261,30.668505],[-95.556121,30.670563],[-95.556093,30.670612],[-95.557697,30.67129],[-95.558719,30.671712],[-95.559235,30.671919],[-95.559265,30.671946],[-95.559592,30.672073],[-95.563669,30.673712],[-95.563689,30.673734],[-95.564243,30.673946],[-95.565242,30.674354],[-95.564626,30.675539],[-95.566665,30.676413],[-95.566031,30.676803],[-95.565691,30.676981],[-95.565419,30.677173],[-95.567856,30.678158],[-95.568007,30.678219],[-95.568691,30.678398],[-95.570543,30.679129],[-95.570957,30.679293],[-95.570968,30.680561],[-95.570956,30.680832],[-95.57094,30.681193],[-95.570925,30.681536],[-95.570923,30.681601],[-95.570915,30.682055],[-95.570916,30.68239],[-95.570979,30.683084],[-95.570422,30.684081],[-95.570532,30.684348],[-95.570683,30.684712],[-95.570898,30.68523],[-95.571058,30.685617],[-95.571833,30.687488],[-95.572032,30.687967],[-95.572452,30.688982],[-95.575646,30.696692],[-95.577287,30.698095],[-95.576387,30.699747],[-95.578011,30.699731],[-95.578014,30.701688],[-95.578015,30.702408],[-95.578019,30.705231],[-95.578026,30.710253],[-95.578223,30.710262],[-95.588273,30.710631],[-95.589345,30.71067],[-95.590847,30.710725],[-95.590694,30.710335],[-95.590042,30.708664],[-95.590404,30.707531],[-95.590465,30.706961],[-95.590561,30.706357],[-95.590646,30.705827],[-95.59073,30.705295],[-95.591092,30.705377],[-95.59112,30.705278],[-95.591157,30.7051],[-95.591157,30.704972],[-95.591158,30.704933],[-95.591153,30.704843],[-95.591149,30.704819],[-95.591133,30.704696],[-95.591113,30.704611],[-95.591096,30.70455],[-95.590895,30.704144],[-95.590573,30.703803],[-95.590183,30.703565],[-95.589891,30.70346],[-95.589397,30.703386],[-95.589287,30.702922],[-95.589166,30.702412],[-95.588887,30.702055],[-95.588244,30.702155],[-95.587685,30.699924],[-95.587132,30.697721],[-95.587589,30.697642],[-95.587861,30.697593],[-95.587681,30.696652],[-95.587132,30.693691],[-95.587569,30.693594],[-95.588489,30.693709],[-95.588835,30.693701],[-95.589088,30.693608],[-95.589607,30.69329],[-95.589971,30.69301],[-95.590342,30.692256],[-95.590629,30.692003],[-95.590978,30.69161],[-95.591084,30.691163],[-95.59167,30.690572],[-95.59257,30.689796],[-95.593057,30.689347],[-95.596713,30.68934],[-95.596734,30.690374],[-95.596808,30.694],[-95.596945,30.698649],[-95.596954,30.698955],[-95.597434,30.698954],[-95.599186,30.69895],[-95.600349,30.698948],[-95.611091,30.698927],[-95.611024,30.699056],[-95.61091,30.699248],[-95.610817,30.699404],[-95.610598,30.69973],[-95.610356,30.700091],[-95.61,30.700621],[-95.609634,30.701169],[-95.610653,30.70152],[-95.611735,30.702419],[-95.610132,30.703371],[-95.610119,30.703527],[-95.610108,30.703661],[-95.610091,30.703876],[-95.610075,30.704075],[-95.610273,30.705465],[-95.609001,30.70573],[-95.609003,30.705787],[-95.609007,30.70597],[-95.609223,30.706472],[-95.609244,30.708069],[-95.60903,30.708292],[-95.60907,30.70945],[-95.609112,30.711705],[-95.608998,30.713291],[-95.608729,30.714375],[-95.608307,30.715565],[-95.607781,30.716487],[-95.607307,30.71707],[-95.606678,30.717827],[-95.605842,30.718828],[-95.605233,30.719632],[-95.604214,30.721594],[-95.60401,30.721987],[-95.603667,30.722756],[-95.603066,30.724104],[-95.602181,30.725488],[-95.602102,30.725591],[-95.600995,30.727034],[-95.599368,30.728573],[-95.597983,30.729612],[-95.596147,30.730812],[-95.595185,30.731534],[-95.593837,30.732615],[-95.592568,30.733791],[-95.591931,30.734468],[-95.591891,30.73451],[-95.591962,30.734556],[-95.592674,30.73501],[-95.595507,30.736816],[-95.600399,30.736808],[-95.600493,30.736807],[-95.601032,30.736807],[-95.601169,30.736806],[-95.601173,30.736705],[-95.601168,30.734919],[-95.602387,30.735218],[-95.603242,30.735108],[-95.603642,30.735037],[-95.603643,30.734804],[-95.60365,30.733981],[-95.603648,30.733594],[-95.603648,30.733318],[-95.603649,30.733241],[-95.60426,30.733241],[-95.604662,30.73324],[-95.605516,30.733238],[-95.605657,30.733237],[-95.606571,30.733235],[-95.60922,30.73323],[-95.60983,30.733228],[-95.614944,30.733225],[-95.61511,30.733223],[-95.61552,30.733215],[-95.615519,30.732522],[-95.615519,30.731273],[-95.615518,30.730277],[-95.615519,30.730173],[-95.615534,30.728941],[-95.615536,30.728568],[-95.615529,30.728507],[-95.615514,30.726502],[-95.615508,30.721303],[-95.624787,30.721215],[-95.625951,30.721204],[-95.627729,30.72119],[-95.63052,30.721168],[-95.630581,30.721167],[-95.631323,30.72116],[-95.6318,30.721157],[-95.632063,30.721155],[-95.632058,30.720897],[-95.632045,30.7201],[-95.632028,30.719231],[-95.631968,30.716023],[-95.631945,30.714746],[-95.631925,30.713716],[-95.631895,30.712095],[-95.63189,30.711797],[-95.631884,30.711514],[-95.631876,30.711076],[-95.631871,30.710824],[-95.631862,30.71032],[-95.631856,30.709991],[-95.633792,30.709979],[-95.638578,30.709949],[-95.638372,30.712694],[-95.638371,30.712967],[-95.638367,30.713838],[-95.63839,30.714237],[-95.638421,30.714797],[-95.638501,30.715628],[-95.638539,30.715984],[-95.638554,30.716468],[-95.638503,30.716669],[-95.638564,30.718452],[-95.63891,30.718451],[-95.640623,30.71845],[-95.640619,30.718666],[-95.640584,30.721136],[-95.642724,30.721116],[-95.642749,30.725067],[-95.642642,30.725144],[-95.642748,30.725134],[-95.642751,30.725494]]],[[[-95.518353,30.624846],[-95.516442,30.62327],[-95.516293,30.623148],[-95.515637,30.622608],[-95.515593,30.622648],[-95.512053,30.625756],[-95.509405,30.623452],[-95.508108,30.622324],[-95.508038,30.622264],[-95.508259,30.624708],[-95.508295,30.625126],[-95.508688,30.629474],[-95.508723,30.629853],[-95.508985,30.632772],[-95.509012,30.63307],[-95.50914,30.632966],[-95.518097,30.625196],[-95.518402,30.624884],[-95.518353,30.624846]]]]}},{"type":"Feature","properties":{"local_place_id":"41c657a5-f134-5563-9c5a-8e418f641d6c","display_name":"New Waverly","geoid":"4851396","gnis":"02411237","namelsad":"New Waverly city","lsad":"25","source":"census_tiger_place","source_vintage":"tiger_2024"},"geometry":{"type":"MultiPolygon","coordinates":[[[[-95.49674,30.531282],[-95.497325,30.529431],[-95.493598,30.528603],[-95.493239,30.528528],[-95.493206,30.528521],[-95.493128,30.528505],[-95.493018,30.52847],[-95.492974,30.52846],[-95.492526,30.528359],[-95.488972,30.527558],[-95.488941,30.527551],[-95.48875,30.527509],[-95.487875,30.527315],[-95.48683,30.52709],[-95.486675,30.52705],[-95.48573,30.526908],[-95.485561,30.526873],[-95.485403,30.526838],[-95.484801,30.526684],[-95.47624,30.524773],[-95.475915,30.524705],[-95.475427,30.524597],[-95.473541,30.524177],[-95.472895,30.526227],[-95.47141,30.530943],[-95.471339,30.53116],[-95.4712,30.53161],[-95.471058,30.532075],[-95.471031,30.532162],[-95.469209,30.538154],[-95.466842,30.545222],[-95.468395,30.54553],[-95.468656,30.545578],[-95.469017,30.545666],[-95.469521,30.545789],[-95.469938,30.545891],[-95.469979,30.545897],[-95.471977,30.546306],[-95.473756,30.546682],[-95.475841,30.547149],[-95.476817,30.547361],[-95.478492,30.547749],[-95.47921,30.547915],[-95.480192,30.548143],[-95.485029,30.549141],[-95.486644,30.549483],[-95.486755,30.5495],[-95.491252,30.550492],[-95.492834,30.544955],[-95.494891,30.539075],[-95.495091,30.538513],[-95.495148,30.538231],[-95.49515,30.538157],[-95.49505,30.53783],[-95.495083,30.536955],[-95.495167,30.536737],[-95.495193,30.536659],[-95.495496,30.535762],[-95.495673,30.535113],[-95.496085,30.533653],[-95.496632,30.531678],[-95.496689,30.531474],[-95.49674,30.531282]]]]}},{"type":"Feature","properties":{"local_place_id":"1bbd2277-4760-5619-91b3-d47415012c1c","display_name":"Riverside","geoid":"4862408","gnis":"02410966","namelsad":"Riverside city","lsad":"25","source":"census_tiger_place","source_vintage":"tiger_2024"},"geometry":{"type":"MultiPolygon","coordinates":[[[[-95.419559,30.834029],[-95.419497,30.833788],[-95.419268,30.832903],[-95.418933,30.833267],[-95.416834,30.83555],[-95.415314,30.837204],[-95.41218,30.837195],[-95.411834,30.837194],[-95.407449,30.837219],[-95.407188,30.837228],[-95.40676,30.837236],[-95.399148,30.83739],[-95.396829,30.837358],[-95.394293,30.837322],[-95.394048,30.837264],[-95.391234,30.837234],[-95.391457,30.837627],[-95.391716,30.838005],[-95.39196,30.838318],[-95.392212,30.838583],[-95.39257,30.83893],[-95.39325,30.839556],[-95.393776,30.84004],[-95.393944,30.840189],[-95.392085,30.841799],[-95.391625,30.841166],[-95.391559,30.841085],[-95.391511,30.8411],[-95.39131,30.841042],[-95.390944,30.840667],[-95.390685,30.840598],[-95.390529,30.840601],[-95.390383,30.840468],[-95.390277,30.840249],[-95.390089,30.840142],[-95.389875,30.840121],[-95.389176,30.840134],[-95.38878,30.840289],[-95.388433,30.840664],[-95.388234,30.841259],[-95.387861,30.841783],[-95.387552,30.841973],[-95.387482,30.842014],[-95.387355,30.842088],[-95.387198,30.842091],[-95.387163,30.842068],[-95.387114,30.842187],[-95.3871,30.842221],[-95.386855,30.842826],[-95.386605,30.843443],[-95.386534,30.843617],[-95.386497,30.843711],[-95.386094,30.843703],[-95.385546,30.843703],[-95.385463,30.843599],[-95.385483,30.843489],[-95.385432,30.84334],[-95.385266,30.843066],[-95.384922,30.842824],[-95.384578,30.842801],[-95.384412,30.842823],[-95.384298,30.842928],[-95.384285,30.843043],[-95.384355,30.84317],[-95.384431,30.843214],[-95.384591,30.843505],[-95.384074,30.843884],[-95.383889,30.844104],[-95.383666,30.84412],[-95.383437,30.844065],[-95.383214,30.843878],[-95.38308,30.843845],[-95.382622,30.844054],[-95.382341,30.84412],[-95.382035,30.844345],[-95.381812,30.844466],[-95.381672,30.844625],[-95.381551,30.844983],[-95.381583,30.845109],[-95.381735,30.845164],[-95.381927,30.844779],[-95.382144,30.84462],[-95.382373,30.844499],[-95.382653,30.844521],[-95.382959,30.844719],[-95.38336,30.844703],[-95.383577,30.844439],[-95.38401,30.844472],[-95.384017,30.844599],[-95.38394,30.844769],[-95.383806,30.844951],[-95.383749,30.845115],[-95.383749,30.845302],[-95.383666,30.845429],[-95.383675,30.845587],[-95.383691,30.84583],[-95.383615,30.846011],[-95.383544,30.846099],[-95.383391,30.846083],[-95.383022,30.845973],[-95.382799,30.846],[-95.382748,30.846099],[-95.382812,30.846154],[-95.383213,30.846308],[-95.383538,30.846512],[-95.383582,30.846583],[-95.383595,30.846693],[-95.383518,30.846995],[-95.383907,30.84727],[-95.383779,30.847446],[-95.383327,30.847144],[-95.383009,30.847144],[-95.382894,30.847177],[-95.382881,30.84727],[-95.382951,30.847374],[-95.382996,30.847539],[-95.382901,30.847954],[-95.382753,30.848067],[-95.382575,30.8481],[-95.382225,30.848144],[-95.382129,30.848188],[-95.381696,30.848473],[-95.381511,30.848501],[-95.381039,30.848913],[-95.380733,30.848973],[-95.380618,30.849045],[-95.380606,30.849166],[-95.380621,30.849176],[-95.379627,30.849772],[-95.379637,30.849671],[-95.379586,30.849589],[-95.379446,30.849786],[-95.37935,30.850177],[-95.379222,30.850342],[-95.379192,30.850357],[-95.379268,30.852326],[-95.379349,30.852333],[-95.379913,30.852404],[-95.38039,30.852454],[-95.380277,30.852997],[-95.380201,30.853406],[-95.380173,30.853598],[-95.379539,30.8543],[-95.378373,30.854651],[-95.378156,30.854687],[-95.378142,30.854796],[-95.378127,30.854904],[-95.378097,30.855134],[-95.378555,30.855021],[-95.379457,30.8548],[-95.379841,30.854661],[-95.381057,30.85422],[-95.381825,30.853969],[-95.382435,30.85377],[-95.38251,30.853698],[-95.382648,30.853566],[-95.382786,30.853434],[-95.383279,30.852961],[-95.384047,30.853049],[-95.384156,30.853061],[-95.385343,30.853659],[-95.3859,30.854078],[-95.386673,30.85466],[-95.38788,30.855451],[-95.388628,30.855907],[-95.389204,30.856107],[-95.390067,30.856407],[-95.39068,30.856564],[-95.391578,30.856794],[-95.393324,30.857213],[-95.394305,30.857392],[-95.395033,30.857551],[-95.395951,30.857512],[-95.395963,30.857512],[-95.396002,30.857517],[-95.396136,30.857553],[-95.39627,30.857589],[-95.396697,30.857706],[-95.397406,30.858279],[-95.397721,30.858669],[-95.39795,30.858953],[-95.398351,30.859651],[-95.398442,30.859934],[-95.398593,30.86044],[-95.398613,30.86053],[-95.398748,30.86112],[-95.398801,30.861111],[-95.399151,30.861047],[-95.399545,30.860974],[-95.399564,30.860953],[-95.402376,30.857873],[-95.404907,30.855943],[-95.406237,30.856672],[-95.406698,30.856226],[-95.406898,30.855951],[-95.407585,30.855215],[-95.410569,30.851808],[-95.408987,30.850565],[-95.409208,30.850397],[-95.409385,30.850129],[-95.409584,30.848993],[-95.409712,30.848176],[-95.409151,30.847887],[-95.410455,30.846344],[-95.410645,30.84612],[-95.410712,30.846041],[-95.41137,30.845264],[-95.411608,30.844991],[-95.414338,30.841857],[-95.416512,30.839353],[-95.418306,30.837214],[-95.416432,30.837183],[-95.418453,30.835133],[-95.419559,30.834029]]]]}}]}